key,input,Probability,Prediction
LAGYWHSFHIMTPE-UHFFFAOYSA-N,Oc1ccc(CCN2CCC(Nc3nc4ccccc4n3Cc3ccc(F)cc3)CC2)cc1,0.8664919482845518,1.0
NAUWTFJOPJWYOT-UHFFFAOYSA-P,Fc1ccc(C(OCC[NH+]2CC[NH+](CCCc3ccccc3)CC2)c2ccc(F)cc2)cc1,0.7984395465137096,1.0
YTYATOMQOOFRNA-UHFFFAOYSA-N,CCCCCCCN(CC)CCCCc1ccc([N+](=O)[O-])cc1,0.8557499378730027,1.0
SLOWBFFBASJEAL-UHFFFAOYSA-K,CCCCCCC[N+](CC)(CC)CCCCc1ccc(Cl)cc1.CCCCCCC[N+](CC)(CC)CCCCc1ccc(Cl)cc1.CCCCCCC[N+](CC)(CC)CCCCc1ccc(Cl)cc1.O=P([O-])([O-])[O-],0.7483115709594361,1.0
QOYHHIBFXOOADH-UHFFFAOYSA-O,O=C1NCN(c2ccccc2)C12CC[NH+](CCCC(c1ccc(F)cc1)c1ccc(F)cc1)CC2,0.7521562305451661,1.0
FEBOTPHFXYHVPL-UHFFFAOYSA-N,O=C(CCCN1CCC(n2c(=O)[nH]c3ccccc32)CC1)c1ccc(F)cc1,0.9365918861803451,1.0
UDRWVFGKMDCPTL-UHFFFAOYSA-N,Fc1ccc(-n2cc(C3CCN(CCN4CCNC4=S)CC3)c3ccccc32)cc1,0.9105572470267909,1.0
QPOLRENOYJQNEP-UHFFFAOYSA-N,O=C1NCCN1CCN1CCC(c2cn(-c3ccc(F)cc3)c3ccccc23)CC1,0.9646379730609538,1.0
NAUWTFJOPJWYOT-UHFFFAOYSA-N,Fc1ccc(C(OCCN2CCN(CCCc3ccccc3)CC2)c2ccc(F)cc2)cc1,0.7984395465137096,1.0
UISIMLLBTGLBND-UHFFFAOYSA-N,CS(=O)(=O)Nc1ccc2c(c1)C(=O)CC1(CCN(CCc3ccc4nonc4c3)CC1)O2,0.6600147944626553,1.0
GUGOEEXESWIERI-PMERELPUSA-O,CC(C)(C)c1ccc([C@@H](O)CCC[NH+]2CCC(C(O)(c3ccccc3)c3ccccc3)CC2)cc1,0.8741138095769766,1.0
PFOLMILRZUSKJO-UHFFFAOYSA-N,O=C1NCCN1CCN1CC=C(c2cn(-c3ccc(F)cc3)c3ccc(Cl)cc23)CC1,0.8124976908932002,1.0
IXTMWRCNAAVVAI-UHFFFAOYSA-O,C[NH+](CCOc1ccc(NS(C)(=O)=O)cc1)CCc1ccc(NS(C)(=O)=O)cc1,0.8550629611989461,1.0
SPGSEYZCAVGGHG-UHFFFAOYSA-N,CN(C)Cc1cc2cc(Cl)ccc2n1-c1ccc(F)cc1,0.7901308407894889,1.0
WDJUZGPOPHTGOT-XUDUSOBPSA-N,C[C@H]1O[C@@H](O[C@H]2[C@@H](O)C[C@H](O[C@H]3[C@@H](O)C[C@H](O[C@H]4CC[C@]5(C)[C@H]6CC[C@]7(C)[C@@H](C8=CC(=O)OC8)CC[C@]7(O)[C@@H]6CC[C@@H]5C4)O[C@@H]3C)O[C@@H]2C)C[C@H](O)[C@@H]1O,0.8270362887000431,1.0
GXDALQBWZGODGZ-UHFFFAOYSA-O,COc1ccc(CC[NH+]2CCC(Nc3nc4ccccc4n3Cc3ccc(F)cc3)CC2)cc1,0.9188639144332987,1.0
YNNUSGIPVFPVBX-NHCUHLMSSA-O,C[NH+]1CCC[C@@H]1CCO[C@](C)(c1ccccc1)c1ccc(Cl)cc1,0.9922962001039413,1.0
WPSYTTKBGAZSCX-UHFFFAOYSA-N,CCCCCCC[N+](CC)(CC)CCCCc1ccc(Cl)cc1,0.7483115709594361,1.0
SRUISGSHWFJION-UHFFFAOYSA-O,Cc1cccc(CC[NH+]2CCC(C(=O)c3ccc(NS(C)(=O)=O)cc3)CC2)n1,0.836266355589194,1.0
GZKLJWGUPQBVJQ-UHFFFAOYSA-O,O=C1NCCN1CC[NH+]1CCC(c2cn(-c3ccc(F)cc3)c3ccc(Cl)cc23)CC1,0.9458083247763325,1.0
OOGJQPCLVADCPB-FQEVSTJZSA-N,Cc1ccc(O)c([C@@H](CCN(C(C)C)C(C)C)c2ccccc2)c1,0.9789275844278891,1.0
IQLSBKXSEGGVPO-OAQYLSRUSA-N,CS(=O)(=O)Nc1ccc2c(c1)C(=O)CC1(CCN([C@@H]3CCc4cc(C#N)ccc4C3)CC1)O2,0.668139643680644,1.0
LPMXVESGRSUGHW-HYWDAXSBSA-N,C[C@@H]1O[C@@H](O[C@@H]2C[C@@H](O)[C@]3(CO)[C@H]4[C@@H](O)C[C@]5(C)[C@H](C6=CC(=O)OC6)CC[C@]5(O)[C@@H]4CC[C@@]3(O)C2)[C@H](O)[C@H](O)[C@H]1O,0.555490690958284,0.0
ZBIAKUMOEKILTF-UHFFFAOYSA-P,Cc1cccc(C)c1NC(=O)C[NH+]1CC[NH+](CCCC(c2ccc(F)cc2)c2ccc(F)cc2)CC1,0.8810677094216528,1.0
OOGJQPCLVADCPB-HXUWFJFHSA-O,Cc1ccc(O)c([C@H](CC[NH+](C(C)C)C(C)C)c2ccccc2)c1,0.9789275844278891,1.0
SRXDFTXYNLJBGD-UHFFFAOYSA-O,O=C1N=c2ccccc2=[N+]1C1CC[NH+](CCCC(c2ccc(F)cc2)c2ccc(F)cc2)CC1,0.8531666501718453,1.0
IUDRMGZXAUQZQV-BRTIRZTQSA-N,c1ccc(-c2[nH]c3ccccc3c2C2C[C@@H]3CC[C@H](C2)N3c2ccccc2)cc1,0.8466772573778776,1.0
DCSUBABJRXZOMT-IRLDBZIGSA-N,COc1cc(N)c(Cl)cc1C(=O)N[C@@H]1CCN(CCCOc2ccc(F)cc2)C[C@@H]1OC,0.7798259699547964,1.0
LNEPOXFFQSENCJ-UHFFFAOYSA-O,O=C(CCC[NH+]1CCC(O)(c2ccc(Cl)cc2)CC1)c1ccc(F)cc1,0.916621884217668,1.0
ADAGRLDCCJAKFP-UHFFFAOYSA-O,COc1ccc(CC[NH+](C)CCCN(C(=O)c2ccc([N+](=O)[O-])cc2)c2ccc(OC)c(OC)c2)cc1OC,0.6270485978099157,0.0
DCSUBABJRXZOMT-IRLDBZIGSA-O,COc1cc(N)c(Cl)cc1C(=O)N[C@@H]1CC[NH+](CCCOc2ccc(F)cc2)C[C@@H]1OC,0.7798259699547964,1.0
GGUSQTSTQSHJAH-FQEVSTJZSA-N,O[C@@H](CN1CCC(Cc2ccc(F)cc2)CC1)c1ccc(Cl)cc1,0.8279075911358521,1.0
NIYGLRKUBPNXQS-FYYLOGMGSA-O,CS(=O)(=O)Nc1ccc2c(c1)[C@H](O)CC1(CC[NH+]([C@@H]3CCc4cc(C#N)ccc4C3)CC1)O2,0.7578213833113887,1.0
MJIFNEGWZJIOKW-QFIPXVFZSA-N,O=C1NCCN1CCN1CCC([C@@H]2CN(c3ccc(F)cc3)c3ccccc32)CC1,0.9396680088673582,1.0
WASCAVIAFHINFK-WJOKGBTCSA-O,N#Cc1ccc(Cn2cncc2C[NH+](CCCc2ccccc2)[C@@H]2CCN(Cc3cccc(Cl)c3)C2=O)cc1,0.6993019670281768,1.0
ALOBUEHUHMBRLE-HXUWFJFHSA-O,CCCCCCC[NH+](CC)CCC[C@@H](O)c1ccc(NS(C)(=O)=O)cc1,0.9274723722081342,1.0
SFOVDSLXFUGAIV-UHFFFAOYSA-O,Fc1ccc(Cn2c(NC3CC[NH2+]CC3)nc3ccccc32)cc1,0.9042862266724108,1.0
CTKNMSVWMRRCPW-PMERELPUSA-N,Clc1ccc(C(c2ccc(Cl)cc2)n2cc[n+](C[C@H](OCc3ccc(Cl)cc3Cl)c3ccc(Cl)cc3Cl)c2)cc1,0.5880025314411057,0.0
LAGYWHSFHIMTPE-UHFFFAOYSA-O,Oc1ccc(CC[NH+]2CCC(Nc3nc4ccccc4n3Cc3ccc(F)cc3)CC2)cc1,0.8664919482845518,1.0
FOHHNHSLJDZUGQ-RUZDIDTESA-O,CCCC[NH+](CCCC)CC[C@@H](O)c1cc2c(Cl)cc(Cl)cc2c2cc(C(F)(F)F)ccc12,0.6976542780074116,1.0
UUSFDYSLDWOTOB-UHFFFAOYSA-O,O=C(CCC[NH+]1CC=C([N+]2=c3ccccc3=NC2=O)CC1)c1ccc(F)cc1,0.8993881128703055,1.0
DDNCQMVWWZOMLN-UNMCSNQZSA-O,CCOC(=O)C1=C[C@]2(CC)CCC[NH+]3CCc4c(n1c1ccccc41)[C@H]32,0.9610642668358085,1.0
WQAXQECJUSMGPP-UHFFFAOYSA-N,COC(=O)c1ccc(-n2cc(C3CCN(CCN4CCNC4=O)CC3)c3cc(Cl)ccc32)cc1,0.8808623410821717,1.0
BROVXIYHWJSPHN-UHFFFAOYSA-N,COc1ccc(CNc2nnc(N3CCC4(CC3)CC(O)C4)c3ccc(C#N)cc23)cc1Cl,0.6846800581609973,1.0
QQXNFCUHQMZHNL-QRXMYIDTSA-N,CN1CCN(CCCN(C(=O)Nc2ccc(F)c(C(F)(F)F)c2)[C@@H]2C[C@@H](c3ccc(C#N)cc3)[C@@H]3C[C@H]32)CC1,0.6975710919411088,1.0
LTMHDMANZUZIPE-PUGKRICDSA-N,C[C@H]1O[C@@H](O[C@H]2[C@@H](O)C[C@H](O[C@H]3[C@@H](O)C[C@H](O[C@H]4CC[C@]5(C)[C@H]6C[C@@H](O)[C@]7(C)[C@@H](C8=CC(=O)OC8)CC[C@]7(O)[C@@H]6CC[C@@H]5C4)O[C@@H]3C)O[C@@H]2C)C[C@H](O)[C@@H]1O,0.8384634737717015,1.0
IYIKLHRQXLHMJQ-UHFFFAOYSA-N,CCCCc1oc2ccccc2c1C(=O)c1cc(I)c(OCCN(CC)CC)c(I)c1,0.8590169865904269,1.0
FYHCHSNOXWVJJT-NRFANRHFSA-N,CCCCNCC[C@H](O)c1cc2c(Cl)cc(Cl)cc2c2cc(C(F)(F)F)ccc12,0.7540498541899469,1.0
FYHCHSNOXWVJJT-UHFFFAOYSA-N,CCCCNCCC(O)c1cc2c(Cl)cc(Cl)cc2c2cc(C(F)(F)F)ccc12,0.7540498541899469,1.0
HXGBXQDTNZMWGS-RUZDIDTESA-N,NC(=O)C(c1ccccc1)(c1ccccc1)[C@@H]1CCN(CCc2ccc3c(c2)CCO3)C1,0.9179659834994562,1.0
ZHXVQRYIFPABPL-UHFFFAOYSA-N,c1ccc(-c2[nH]c3ccccc3c2C2CCN(c3ccccc3)CC2)cc1,0.8090288010642585,1.0
LZLFOPCRHMBFCG-UHFFFAOYSA-N,O=C1NCCN1CCN1CCC(c2cn(-c3ccccc3)c3ccc(Cl)cc23)CC1,0.9494567531016408,1.0
NXKLZOOHPLOUHY-RLLQIKCJSA-O,CC(C)(C)OC(=O)N1CC[C@@H]2C[NH+](C[C@@H](O)COc3ccc(C#N)cc3)C[C@@H](C1)O2,0.7976074470064343,1.0
KLBQZWRITKRQQV-MRXNPFEDSA-O,CSc1ccc2c(c1)N(CC[C@H]1CCCC[NH+]1C)c1ccccc1S2,0.9373078916353657,1.0
ZPRQZUALRQVYOJ-GOSISDBHSA-N,CCCCCCCCC(=O)NCc1ccc(C[C@@H](O)CO)c(OC)c1,0.889858584583061,1.0
UYNVMODNBIQBMV-IERDGZPVSA-N,C[C@H]([C@H](O)c1ccc(O)cc1)N1CCC(Cc2ccccc2)CC1,0.9224978659279245,1.0
NKANXQFJJICGDU-QPLCGJKRSA-N,CC/C(=C(\c1ccccc1)c1ccc(OCCN(C)C)cc1)c1ccccc1,0.9312559346582878,1.0
FPCCSQOGAWCVBH-UHFFFAOYSA-O,O=C(c1ccc(F)cc1)C1CC[NH+](CCn2c(=O)[nH]c3ccccc3c2=O)CC1,0.6849821458851363,1.0
XWGNKABGVNJFEL-UXHICEINSA-O,Fc1ccc2c([C@@H]3C[NH2+]CC[C@@H]3F)c(-c3cccc4ccccc34)[nH]c2c1,0.7983801956466433,1.0
GDPDFNXDSFOTHH-MUUNZHRXSA-O,CC(C)(C)OC(=O)NCCC[NH+](Cc1cncn1Cc1ccc(C#N)cc1)[C@@H]1CCN(Cc2cccc(Cl)c2)C1=O,0.6923398336856699,1.0
HHZIURLSWUIHRB-UHFFFAOYSA-N,Cc1cn(-c2cc(NC(=O)c3ccc(C)c(Nc4nccc(-c5cccnc5)n4)c3)cc(C(F)(F)F)c2)cn1,0.8270056446196091,1.0
NKPQTGNIPWSNNX-YQYZPQCESA-O,CCC[NH+]1C[C@H](CSC)C[C@H]2c3cccc4c3[C@H](C=N4)C[C@H]21,0.9838826228496421,1.0
MVWVFYHBGMAFLY-UHFFFAOYSA-O,O=C1Cc2cc(CC[NH+]3CCN(c4nsc5ccccc45)CC3)c(Cl)cc2N1,0.8924809562982504,1.0
IKIDYUZRZURTHB-UHFFFAOYSA-N,COC(=O)Cc1ccc(-n2cc(C3CCN(CCN4CCNC4=O)CC3)c3cc(Cl)ccc32)cc1,0.8453355261057334,1.0
SGTNSNPWRIOYBX-MHZLTWQESA-O,COc1ccc(CC[NH+](C)CCC[C@@](C#N)(c2ccc(OC)c(OC)c2)C(C)C)cc1OC,0.9487182719887017,1.0
GSNUVPVGNUTESH-UHFFFAOYSA-N,O=C1NCCN1CCN1CCC(c2cn(C3CCCCC3)c3ccc(Cl)cc23)CC1,0.9642137746338553,1.0
IFJXTHMUQNPIKI-IEBWSBKVSA-O,CC1=NC2=[N+](CCC[C@H]2O)C(=O)[C@@H]1CC[NH+]1CCC(c2noc3cc(F)ccc23)CC1,0.9461449542412096,1.0
SBIMUGAYTIMITB-QFIPXVFZSA-O,N#Cc1ccc(Cn2cncc2CC[NH2+][C@H]2CCN(c3ccccc3)C2=O)cc1,0.8415574375752386,1.0
FFWLPSTYHBXBAE-UHFFFAOYSA-O,O=C1N=c2ccccc2=[N+]1CCC[NH+]1CCC([N+]2=c3ccc(Cl)cc3=NC2=O)CC1,0.6641039230328708,1.0
VBTZQSGZDUYCTG-GOSISDBHSA-O,CC1=NC2=[N+](CCCC2)C(=O)[C@@H]1CC[NH+]1CCC(c2noc3cc(F)ccc23)CC1,0.9303524352652128,1.0
GKIRPKYJQBWNGO-OCEACIFDSA-O,CC[NH+](CC)CCOc1ccc(/C(=C(/Cl)c2ccccc2)c2ccccc2)cc1,0.9381532622196509,1.0
KVWDHTXUZHCGIO-UHFFFAOYSA-O,Cc1cc2c(s1)Nc1ccccc1N=C2N1CC[NH+](C)CC1,0.9802194247189433,1.0
YZBWJKXWVHZMER-UHFFFAOYSA-N,CCOc1ccccc1C(=O)NCCCN1CCOCC1,0.920377730323067,1.0
PZUJQWHTIRWCID-HXUWFJFHSA-N,CC(C)(Cc1ccc2ccccc2c1)NC[C@@H](O)COc1cccc(Cl)c1C#N,0.8284739921901498,1.0
AAXGNXOJOSOUQQ-SANMLTNESA-O,CCCC[NH+](Cc1cncn1Cc1ccc(C#N)cc1)[C@H]1CCN(Cc2ccccc2)C1=O,0.8798768750868641,1.0
XEWSILGLGYHPRI-MUUNZHRXSA-P,N#Cc1ccc(Cn2cncc2C[NH+](CC[NH+]2CCOCC2)[C@@H]2CCN(Cc3cccc(Cl)c3)C2=O)cc1,0.7236818661871305,1.0
VGIGHGMPMUCLIQ-UHFFFAOYSA-N,O=S1(=O)c2cccc3cccc(c23)N1CCCN1CCN(c2ccc(F)cc2)CC1,0.7442911826415711,1.0
YCXCLZSLZGBCTA-UHFFFAOYSA-N,Fc1ccc(-n2cc(C3CCNCC3)c3cc(Cl)ccc32)cc1,0.8628995365907636,1.0
PELVIWZRAPOYAC-UHFFFAOYSA-N,CN(CCN(C)S(=O)(=O)c1ccc(NS(C)(=O)=O)cc1)c1nc2ccccc2n1C,0.6108860347574588,0.0
XCPGHVQEEXUHNC-UHFFFAOYSA-N,COc1cc(NS(C)(=O)=O)ccc1Nc1c2ccccc2nc2ccccc12,0.6394794471347355,0.0
NZLBHDRPUJLHCE-UHFFFAOYSA-O,CC[NH+](CC)CCCN(c1ccccc1)C1Cc2ccccc2C1,0.9056793977099724,1.0
ZEWQUBUPAILYHI-UHFFFAOYSA-P,C[NH+]1CC[NH+](CCCN2c3ccccc3Sc3ccc(C(F)(F)F)cc32)CC1,0.910887027766873,1.0
ADAGRLDCCJAKFP-UHFFFAOYSA-N,COc1ccc(CCN(C)CCCN(C(=O)c2ccc([N+](=O)[O-])cc2)c2ccc(OC)c(OC)c2)cc1OC,0.6270485978099157,0.0
XADCESSVHJOZHK-UHFFFAOYSA-N,CCOC(=O)C1(c2ccccc2)CCN(C)CC1,0.9940480110135552,1.0
UIZPEXQHMIZQPQ-IBGZPJMESA-N,COc1ccc(C2CCN(CC[C@H]3CCOc4ccccc43)CC2)cc1OC,0.9456811323884089,1.0
QZUDBNBUXVUHMW-UHFFFAOYSA-O,C[NH+]1CCN(C2=Nc3cc(Cl)ccc3Nc3ccccc32)CC1,0.9812006952968092,1.0
FBOUYBDGKBSUES-YADHBBJMSA-N,O=C(O[C@@H]1CN2CCC1CC2)N1CCc2ccccc2[C@@H]1c1ccccc1,0.9733706954560223,1.0
WINHZLLDWRZWRT-ATVHPVEESA-N,CCN(CC)CCNC(=O)c1c(C)[nH]c(/C=C2\C(=O)Nc3ccc(F)cc32)c1C,0.9519622025850292,1.0
BBVIATSRCVJMHZ-UHFFFAOYSA-N,Cc1ccc(-c2nc(NC(=O)CN3CCCN(C)CC3)cc(-n3nccc3C)n2)o1,0.7506038229424165,1.0
RXGPCIHYSMKIRI-QFIPXVFZSA-O,c1ccc(C[NH+]2CCC[C@H](c3c(-c4ccccc4)[nH]c4ccccc34)C2)cc1,0.8122189896796652,1.0
KOHIRBRYDXPAMZ-MCEIDBOGSA-N,O[C@H](CNC[C@@H](O)[C@H]1CCc2cc(F)ccc2O1)[C@H]1CCc2cc(F)ccc2O1,0.8164735515551667,1.0
ZZRUNKWLFOCIGS-UHFFFAOYSA-O,CC[NH+](CC)CCCN(CC(=O)N(C1CCCCC1)C1CCCCC1)C(=O)c1ccc([N+](=O)[O-])cc1,0.796603846798704,1.0
MJJALKDDGIKVBE-UHFFFAOYSA-O,CC(C)(C)c1ccc(C(=O)CCC[NH+]2CCC(OC(c3ccccc3)c3ccccc3)CC2)cc1,0.8303071509783194,1.0
LKQIPAMZDAZRAH-TTYVASLHSA-N,CN1[C@H](C[C@@H](O)c2ccccc2)CCC[C@@H]1CC(=O)c1ccccc1.CS(=O)(=O)Nc1ccc2c(c1)C(=O)CC1(CCN([C@@H]3CCc4cc(C#N)ccc4C3)CC1)O2,0.668139643680644,1.0
AVTBWIUBCJLMAN-UHFFFAOYSA-O,O=c1cc[nH+]c(NCC2CCN(c3nc4ccccc4n3Cc3ccc(F)cc3)CC2)[nH]1,0.6520925048683344,1.0
BAINIUMDFURPJM-UHFFFAOYSA-N,O=c1[nH]c2ccccc2n1CCCN1CCN(C(c2ccccc2)c2ccccc2)CC1,0.8985100995613371,1.0
SOYKEARSMXGVTM-HNNXBMFYSA-N,CN(C)CC[C@@H](c1ccc(Cl)cc1)c1ccccn1,0.9489247228464545,1.0
ZMHOBBKJBYLXFR-BPNWFJGMSA-O,CCCS(=O)CCC[NH+](CC)C[C@@H](O)COc1ccc(C#N)cc1,0.9354718635058608,1.0
AVTBWIUBCJLMAN-UHFFFAOYSA-N,O=c1ccnc(NCC2CCN(c3nc4ccccc4n3Cc3ccc(F)cc3)CC2)[nH]1,0.6520925048683344,1.0
JWHAUXFOSRPERK-GOSISDBHSA-O,CCC[NH2+]C[C@@H](O)COc1ccccc1C(=O)CCc1ccccc1,0.9808128673758962,1.0
VYLMFRUDZGQCNT-JOCHJYFZSA-O,N#Cc1ccc(Cn2cncc2C[NH2+][C@@H]2CCN(Cc3cccc(Cl)c3)C2=O)cc1,0.8163866360672237,1.0
DRGRCRRKRGIMMI-GDLZYMKVSA-N,CC(C)(O)c1ccc([C@H](O)CCCN2CCC(C(O)(c3ccccc3)c3ccccc3)CC2)cc1,0.7733076531769493,1.0
RTHCYVBBDHJXIQ-MRXNPFEDSA-O,C[NH2+]CC[C@@H](Oc1ccc(C(F)(F)F)cc1)c1ccccc1,0.9350391664011224,1.0
SLFGIOIONGJGRT-CQSZACIVSA-N,C[C@H](CN(C)C)CN1c2ccccc2Sc2ccc(C#N)cc21,0.9697186025454759,1.0
CDXIZXQBISVZMK-RUZDIDTESA-P,N#Cc1ccc(Cn2cncc2C[NH+](CCC[NH3+])[C@@H]2CCN(Cc3cccc(Cl)c3)C2=O)cc1,0.8573768047405019,1.0
RPQXVSUAYFXFJA-HGRQIUPRSA-N,N=C1N[C@H]2[C@H](COC(N)=O)NC(=N)N3CCC(O)(O)[C@]23N1,0.47681412205844403,0.0
DAUSNPVLXKKGNQ-UXHICEINSA-O,Fc1ccc2c([C@@H]3C[NH2+]CC[C@@H]3F)c(-c3ccc4ccccc4c3)[nH]c2c1,0.7756247951454383,1.0
OGHNVEJMJSYVRP-QGZVFWFLSA-N,COc1ccccc1OCCNC[C@@H](O)COc1cccc2[nH]c3ccccc3c12,0.9160787221849886,1.0
HQXCPXHVSRWLFR-QHCPKHFHSA-O,c1ccc(CC[NH+]2CCC[C@H](c3c(-c4ccccc4)[nH]c4ccccc34)C2)cc1,0.8799167815191935,1.0
UIEATEWHFDRYRU-XMMPIXPASA-O,CC(C)COC[C@@H](CN(Cc1ccccc1)c1ccccc1)[NH+]1CCCC1,0.9375264231918662,1.0
SLVMESMUVMCQIY-DIERRCTGSA-O,C[NH+]1CCCC[C@@H]1CCN1c2ccccc2Sc2ccc(S(C)=O)cc21,0.951999635372272,1.0
RKUNBYITZUJHSG-QXULXFAOSA-O,C[NH+]1[C@H]2CC[C@@H]1CC(OC(=O)[C@@H](CO)c1ccccc1)C2,0.9450406426967899,1.0
BXSHMKJGVLLOJW-UHFFFAOYSA-N,O=C(O)Cc1ccc(-n2cc(C3CCN(CCN4CCNC4=O)CC3)c3cc(Cl)ccc32)cc1,0.8507048775250995,1.0
RUZYUOTYCVRMRZ-HXUWFJFHSA-N,COc1cc2nc(N3CCN(C(=O)[C@H]4COc5ccccc5O4)CC3)nc(N)c2cc1OC,0.5288217327273855,0.0
IFFPICMESYHZPQ-HXUWFJFHSA-O,C[C@H](Cc1ccccc1)[NH2+]CCC(c1ccccc1)c1ccccc1,0.8720128747078479,1.0
BVPWJMCABCPUQY-UHFFFAOYSA-N,COc1cc(N)c(Cl)cc1C(=O)NC1CCN(Cc2ccccc2)CC1,0.8580538566872121,1.0
ZQDWXGKKHFNSQK-OAQYLSRUSA-N,OCCOCCN1CCN([C@H](c2ccccc2)c2ccc(Cl)cc2)CC1,0.9467607972978983,1.0
CEUORZQYGODEFX-UHFFFAOYSA-N,O=C1CCc2ccc(OCCCCN3CCN(c4cccc(Cl)c4Cl)CC3)cc2N1,0.9133025660803269,1.0
QKTDEOKIVGAFHW-UHFFFAOYSA-N,Cc1ccc(-c2nc(NC(=O)CCN(C)C)cc(-n3nccc3C)n2)o1,0.7485678508344678,1.0
UIANEVGVZQTOQN-HAEHSTFZSA-N,CN1CCN(CCCN(C(=O)Nc2ccc(F)c(C(F)(F)F)c2)[C@@H]2C[C@@H](c3ccc4c(c3)[C@H](N)NO4)[C@@H]3C[C@H]32)CC1,0.6289230261288998,0.0
TYEXNVNUZXJNBN-QLYXXIJNSA-N,Cc1ccc(-n2[nH]c(C)c(N/N=C3/C=CC=C(c4cccc(C(=O)O)c4)C3=O)c2=O)cc1C,0.12487426193828137,0.0
LOUPRKONTZGTKE-LHHVKLHASA-N,C=C[C@H]1CN2CC[C@H]1C[C@@H]2[C@@H](O)c1ccnc2ccc(OC)cc12,0.9815887510469827,1.0
WZERUXLWOKARGI-QGZVFWFLSA-O,[NH3+]CC[C@@H](O)c1cc2c(Cl)cc(Cl)cc2c2cc(C(F)(F)F)ccc12,0.741377666663472,1.0
FELGMEQIXOGIFQ-ZDUSSCGKSA-N,Cc1nccn1C[C@@H]1CCc2c(c3ccccc3n2C)C1=O,0.9451733364898034,1.0
RTHCYVBBDHJXIQ-INIZCTEOSA-N,CNCC[C@H](Oc1ccc(C(F)(F)F)cc1)c1ccccc1,0.9350391664011224,1.0
QVYRGXJJSLMXQH-GOSISDBHSA-O,Cc1ccccc1[C@H](OCC[NH+](C)C)c1ccccc1,0.9899385636759095,1.0
SLFGIOIONGJGRT-AWEZNQCLSA-O,C[C@H](CN1c2ccccc2Sc2ccc(C#N)cc21)C[NH+](C)C,0.9697186025454759,1.0
SLFGIOIONGJGRT-AWEZNQCLSA-N,C[C@@H](CN(C)C)CN1c2ccccc2Sc2ccc(C#N)cc21,0.9697186025454759,1.0
QFRFAEZUAFKYNV-NDEPHWFRSA-O,N#Cc1ccc(Cn2cncc2C[NH+](Cc2cccnc2)[C@H]2CCN(Cc3ccccc3)C2=O)cc1,0.7193612553627081,1.0
ZDIGNSYAACHWNL-OAHLLOKOSA-N,CN(C)CC[C@H](c1ccc(Br)cc1)c1ccccn1,0.8145512753352767,1.0
WSWLUEDPQUZWSK-CVEARBPZSA-O,O=C(Nc1ccccc1)c1[nH]c2cc(F)ccc2c1[C@@H]1C[NH2+]CC[C@@H]1F,0.5955301568365003,0.0
BYKYPZBCMBEEGU-MRXNPFEDSA-O,COc1ccc(C[NH2+]C[C@@H](O)COc2ccc3[nH]c(=O)ccc3c2)cc1OC,0.587481350802778,0.0
VCXSPFBDFPIMBF-INIZCTEOSA-N,C[C@H]1CN(c2ncccc2F)CCN1/C(=N/C#N)Nc1ccc(C(C)(C)C)cc1,0.8449817966773432,1.0
IYIKLHRQXLHMJQ-UHFFFAOYSA-O,CCCCc1oc2ccccc2c1C(=O)c1cc(I)c(OCC[NH+](CC)CC)c(I)c1,0.8590169865904269,1.0
ROGUAPYLUCHQGK-UHFFFAOYSA-N,CC(C)(C)c1ccc(NC(=O)N2CCN(c3ncccc3Cl)CC2)cc1,0.8891274408305325,1.0
QMGUOJYZJKLOLH-UHFFFAOYSA-N,CN(C)CCCn1cc(C2=C(c3c[nH]c4ccccc34)C(=O)NC2=O)c2ccccc21,0.8465928777010125,1.0
ZQTNQVWKHCQYLQ-UHFFFAOYSA-N,CCCCc1oc2ccc(NS(C)(=O)=O)cc2c1C(=O)c1ccc(OCCCN(CCCC)CCCC)cc1,0.8737395049896878,1.0
QMGUOJYZJKLOLH-UHFFFAOYSA-N,CN(C)CCCn1cc(C2=C(c3c[nH]c4ccccc34)C(=O)NC2=O)c2ccccc21,0.8465928777010125,1.0
HXTGXYRHXAGCFP-OAQYLSRUSA-N,COc1cccc([C@H](O)C2CCN(CCc3ccc(F)cc3)CC2)c1OC,0.9438351498797186,1.0
RGCVKNLCSQQDEP-UHFFFAOYSA-P,OCC[NH+]1CC[NH+](CCCN2c3ccccc3Sc3ccc(Cl)cc32)CC1,0.9715041860408347,1.0
CJDRUOGAGYHKKD-BDXZSHBPSA-N,CC[C@H]1[C@H]2C[C@H]3[C@@H]4N(C)c5ccccc5[C@]45C[C@@H]([C@H]2[C@H]5O)N3[C@@H]1O,0.9036703624342733,1.0
XEBRQQXYWHMEQW-UHFFFAOYSA-N,O=C1CCC(c2ccc(Nc3ccncc3)cc2)=NN1,0.6611983625985515,1.0
LOUPRKONTZGTKE-LHHVKLHASA-O,C=C[C@H]1C[NH+]2CC[C@H]1C[C@@H]2[C@@H](O)c1ccnc2ccc(OC)cc12,0.9815887510469827,1.0
KDFQABSFVYLGPM-QFIPXVFZSA-N,Cc1cccc(NC(=O)N[C@@H]2N=C(c3ccccc3)c3ccccc3N(C)C2=O)c1,0.6733324561647245,1.0
ZVNYJIZDIRKMBF-UHFFFAOYSA-N,COc1ccc(C(=O)N2CCN(c3ccc4c(c3)CCC(=O)N4)CC2)cc1OC,0.7424896108696469,1.0
QAMSRCBRYCCTDQ-JKSUJKDBSA-O,F[C@@H]1CC[NH2+]C[C@@H]1c1c(-c2ccccc2)[nH]c2ccccc12,0.9038263595807501,1.0
OAOZPXOXMVMQBZ-MUUNZHRXSA-Q,N#Cc1ccc(Cn2cncc2C[NH+](CC[NH+]2CC[NH2+]CC2)[C@@H]2CCN(Cc3cccc(Cl)c3)C2=O)cc1,0.814911857378203,1.0
BCFGMOOMADDAQU-UHFFFAOYSA-N,CS(=O)(=O)CCNCc1ccc(-c2ccc3ncnc(Nc4ccc(OCc5cccc(F)c5)c(Cl)c4)c3c2)o1,0.7977237167952776,1.0
BWPIARFWQZKAIA-UHFFFAOYSA-O,C[NH2+]CCCC1c2ccccc2C=Cc2ccccc21,0.9815880705011568,1.0
MNZDOBBBEUPYAL-FKCDAAJZSA-N,C[C@@](O)(c1ccccc1)[C@H]1C=CC([C@H](c2cc[n+](O)cc2)c2ccc(OC(F)F)c(OC(F)F)c2)=CN1,0.5023297703080037,0.0
UKCPSTPFRCLCPN-QHCPKHFHSA-N,CCN(CC)Cc1ccc2c(c1)CC[C@H](N1CCN(Cc3ccsc3)CC1=O)C2,0.9501263876395751,1.0
NMPOSNRHZIWLLL-FZKCQIBNSA-O,CCOC(=O)[C@@H]1[C@@H](OC(=O)c2ccccc2)C[C@@H]2CC[C@H]1[NH+]2C,0.8833115064524271,1.0
PMXMIIMHBWHSKN-IBGZPJMESA-N,Cc1nc2n(c(=O)c1CCN1CCC(c3noc4cc(F)ccc34)CC1)CCC[C@@H]2O,0.9461449542412096,1.0
XDXHAEQXIBQUEZ-UHFFFAOYSA-N,CCCN(CCC)CCc1cccc2c1CC(=O)N2.Cl,0.9836151753157316,1.0
IOYMPNIPADFRMW-QHCPKHFHSA-N,O=C1NC[C@@H](c2ccc(F)cc2)C12CCN(C1(c3ccc(F)cc3)CCCCC1)CC2,0.7678996590829279,1.0
NKLVBHMAIMEVEH-QFIPXVFZSA-N,CN(C(=O)N1CC(c2cc(F)ccc2F)=C[C@H]1c1ccccc1)C1CCNCC1,0.852029093965744,1.0
QRNZXNUHQIYSQV-FQEVSTJZSA-N,CN(CCCN)C(=O)N1CC(c2cc(F)ccc2F)=C[C@H]1c1ccccc1,0.8754447132327653,1.0
VMCOPKACEUYYIT-ZDUSSCGKSA-O,Fc1ccc(-c2[nH]c3cc(F)ccc3c2[C@H]2CCC[NH2+]C2)cc1,0.8190520453794838,1.0
ZYOUCRHWAYJCPN-UHFFFAOYSA-N,CC(=O)OCOC(=O)CN(CC(=O)O)c1ccccc1OCCOc1ccccc1N(CC(=O)O)CC(=O)O,0.556959118102401,0.0
HCYAFALTSJYZDH-UHFFFAOYSA-O,C[NH2+]CCCN1c2ccccc2CCc2ccccc21,0.9822095514887169,1.0
MREBEPTUUMTTIA-PCLIKHOPSA-P,C[NH+]1CC[NH+](CCCCN2C(=O)CN(/N=C/c3ccc(-c4ccc(Cl)cc4)o3)C2=O)CC1,0.625089893491015,0.0
MMAYPVADBNWURJ-SGNDLWITSA-N,O=C1NC[C@@H](c2ccccc2)C12CCN([C@H]1CCCC[C@@H]1c1ccccc1)CC2,0.818737392375834,1.0
JFLDPXNTPNHXDV-UHFFFAOYSA-N,O=C(NC1CCN(Cc2ccc3c(c2)OCO3)CC1)c1cc(=O)c2cc(Cl)c(Cl)cc2o1,0.6099031293483445,0.0
KVZUKTSYJONTHS-HZPDHXFCSA-O,F[C@@H]1CC[NH2+]C[C@H]1c1c(-c2ccccc2)[nH]c2cc(Cl)ccc12,0.8027496150903418,1.0
HBNPJJILLOYFJU-URLMMPGGSA-O,COCC(=O)O[C@@]1(CC[NH+](C)CCCc2nc3ccccc3[nH]2)CCc2cc(F)ccc2[C@@H]1C(C)C,0.9245226225933116,1.0
OEBPANQZQGQPHF-UHFFFAOYSA-N,Cn1c(NCCN(CCO)CCCc2ccc([N+](=O)[O-])cc2)cc(=O)n(C)c1=O,0.7387640228918275,1.0
ZPEIMTDSQAKGNT-UHFFFAOYSA-O,C[NH+](C)CCCN1c2ccccc2Sc2ccc(Cl)cc21,0.9445779859632759,1.0
MNJOPFKFRONBCT-UHFFFAOYSA-N,CCC(CC)c1cn(-c2ccc(F)cc2)c2ccc(Cl)cc12,0.7216206148013704,1.0
VTPJWYMUVTZUAY-UHFFFAOYSA-N,COc1cc2c(Nc3ccc(Br)cc3F)ncnc2cc1OCC1CCN(C(=O)CN(C)C)CC1,0.6446376251786324,1.0
SGSKDJMEPQTYQW-PMACEKPBSA-N,CC(C)(C)[C@@H](N)C(=O)N1CC(c2cc(F)ccc2F)=C[C@H]1c1ccccc1,0.7789205375678877,1.0
GVERGJNQZKUDON-ZIAGYGMSSA-O,Fc1ccc2c([C@@H]3C[NH2+]CC[C@H]3F)c(-c3ccsc3)[nH]c2c1,0.8008531064453741,1.0
UISARWKNNNHPGI-MRXNPFEDSA-O,C[C@H](CC(c1ccccc1)c1ccccc1)[NH2+]C(C)(C)C,0.908472870969113,1.0
IENZQIKPVFGBNW-UHFFFAOYSA-N,COc1cc2nc(N3CCN(C(=O)c4ccco4)CC3)nc(N)c2cc1OC,0.7769182478111831,1.0
IENZQIKPVFGBNW-UHFFFAOYSA-N,COc1cc2nc(N3CCN(C(=O)c4ccco4)CC3)nc(N)c2cc1OC,0.7769182478111831,1.0
NKANXQFJJICGDU-OCEACIFDSA-O,CC/C(=C(/c1ccccc1)c1ccc(OCC[NH+](C)C)cc1)c1ccccc1,0.9312559346582877,1.0
TTXIFFYPVGWLSE-UHFFFAOYSA-N,Fc1ccc(C(c2ccc(F)cc2)N2CCNCC2)cc1,0.8179645115465836,1.0
HXEXYULSUCMWPN-CVEARBPZSA-O,Fc1ccc(-c2[nH]c3cc(F)ccc3c2[C@@H]2C[NH2+]CC[C@@H]2F)cc1,0.727997011659167,1.0
FRMAENWFMZUGKV-UHFFFAOYSA-N,Cc1ccc(-c2nc(NC(=O)CN3CCC(CN(C)C)CC3)cc(-n3nccc3C)n2)o1,0.7816142353740361,1.0
FYAAXXKZZZOCHM-UHFFFAOYSA-N,C(#Cc1cc(-c2n[nH]c3c2Cc2cc(Cn4cncn4)ccc2-3)cs1)COc1ccccc1,0.6909782325189776,1.0
CNJCWWRIVPCJIN-SANMLTNESA-N,CCN(CC)Cc1ccc2c(c1)CC[C@H](N1CCN(CCc3cc(N)cc(C(F)(F)F)c3)CC1=O)C2,0.8421344428441331,1.0
NTZONPNMYOBHJW-QNDUUYNRSA-N,O=C1NC[C@@H](c2ccccc2)C12CCN([C@H]1CCCC[C@@]1(O)C1CCC(F)CC1)CC2,0.8401844465887287,1.0
PJMPHNIQZUBGLI-UHFFFAOYSA-O,CCC(=O)N(c1ccccc1)C1CC[NH+](CCc2ccccc2)CC1,0.9634705688624013,1.0
XMAYWYJOQHXEEK-BVAGGSTKSA-N,CC(=O)N1CCN(c2ccc(OC[C@@H]3CO[C@](Cn4ccnc4)(c4ccc(Cl)cc4Cl)O3)cc2)CC1,0.8036577690689413,1.0
IZCPYZKASNDPHY-UHFFFAOYSA-N,CCC(=O)c1cn(-c2ccc(F)cc2)c2ccc(Cl)cc12,0.6872861861116566,1.0
ADEBPBSSDYVVLD-FQEVSTJZSA-O,COc1cc2c(cc1OC)C(=O)[C@@H](CC1CC[NH+](Cc3ccccc3)CC1)C2,0.9883610486754653,1.0
FKGZUCNTGAPMBO-MHZLTWQESA-N,O=C1CN(CCc2ccc(F)cc2)CCN1[C@H]1CCc2cc(CN3CCC(C(F)(F)F)CC3)ccc2C1,0.6951650111037062,1.0
HTIQEAQVCYTUBX-QGZVFWFLSA-O,CCOC(=O)C1=C(COCC[NH3+])NC(C)=C(C(=O)OC)[C@H]1c1ccccc1Cl,0.8560182068192291,1.0
GZSKEXSLDPEFPT-HZMBPMFUSA-O,COc1cc(N)c(Cl)cc1C(=O)N[C@H]1CC[NH+]2CCC[C@H]1C2,0.8021344200630665,1.0
BYBLEWFAAKGYCD-SFHVURJKSA-N,Clc1ccc(CO[C@@H](Cn2ccnc2)c2ccc(Cl)cc2Cl)c(Cl)c1,0.6775312273730113,1.0
BTWSXWRYWXPDBK-ZBFHGGJFSA-O,F[C@H]1CC[NH2+]C[C@H]1c1c(-c2ccccc2)[nH]c2c(Cl)cccc12,0.8161539717327213,1.0
XBMIVRRWGCYBTQ-XMSQKQJNSA-O,CC[C@@H](OC(C)=O)C(C[C@@H](C)[NH+](C)C)(c1ccccc1)c1ccccc1,0.977387948950192,1.0
ZPUWHZPEHISDSA-LJQANCHMSA-N,CC(C)(CN)C(=O)N1CC(c2cc(F)ccc2F)=C[C@@H]1c1ccccc1,0.8129809371564442,1.0
PZFVISYBXMCPDS-QGZVFWFLSA-N,CC[C@@H](O)c1cn(-c2ccc(F)cc2)c2ccc(Cl)cc12,0.7634351242692445,1.0
IKENVDNFQMCRTR-UHFFFAOYSA-N,Cc1nc2c([nH]1)CCN(C(=O)c1ccc(NC(=O)c3ccccc3-c3ccccc3)cc1)c1ccccc1-2,0.8315420398407354,1.0
JCCNYMKQOSZNPW-UHFFFAOYSA-N,CCOC(=O)N1CCC(=C2c3ccc(Cl)cc3CCc3cccnc32)CC1,0.17032633689873727,0.0
WIQRCHMSJFFONW-HNNXBMFYSA-N,NCC[C@H](Oc1ccc(C(F)(F)F)cc1)c1ccccc1,0.8560280039841578,1.0
SKYZYDSNJIOXRL-BTQNPOSSSA-N,CN1CCc2cccc3c2[C@H]1Cc1ccc(O)c(O)c1-3.Cl,0.9616865998742392,1.0
GNFWJCGIZJCASB-WOJBJXKFSA-N,CC(C)[C@@H](N)C(=O)N1CC(c2cc(F)ccc2F)=C[C@@H]1c1ccccc1,0.8268237832801028,1.0
XBMIVRRWGCYBTQ-AVRDEDQJSA-N,CC[C@H](OC(C)=O)C(C[C@H](C)N(C)C)(c1ccccc1)c1ccccc1,0.977387948950192,1.0
YECBIJXISLIIDS-UHFFFAOYSA-O,COc1ccc(CN(CC[NH+](C)C)c2ccccn2)cc1,0.9590948859880961,1.0
WHTVZRBIWZFKQO-CQSZACIVSA-O,CC[NH+](CC)CCC[C@@H](C)Nc1ccnc2cc(Cl)ccc12,0.9852555903843239,1.0
YHVMAQQCYJWINX-UHFFFAOYSA-N,O=C(NC1CCN(Cc2ccc3c(c2)OCO3)CC1)c1cc(=O)c2ccc(Br)cc2o1,0.7269085627621277,1.0
CTIRHWCPXYGDGF-UHFFFAOYSA-P,C1CCC2(C1)C1C[NH+](CC3CC3)CC2C[NH+](CC2CC2)C1,0.7759142647837873,1.0
UTMPBYAPGSEZCC-CABCVRRESA-O,Fc1ccc2c([C@@H]3C[NH2+]CC[C@@H]3F)c(C3=CNC=CC3)[nH]c2c1,0.8623360242341608,1.0
SXTAUSJLLADWLQ-XZOQPEGZSA-N,COc1cc2c(cc1OC)[C@@H]1Cc3ccc(OC)c(OC)c3[C@@H](Cc3ccccc3)N1CC2,0.8192677051629096,1.0
XEEQGYMUWCZPDN-DOMZBBRYSA-O,O[C@@H](c1cc(C(F)(F)F)nc2c(C(F)(F)F)cccc12)[C@H]1CCCC[NH2+]1,0.9194130199746893,1.0
AQASRZOCERRGBL-ROJLCIKYSA-N,COc1cc2c(cc1OC)[C@@H](Cc1ccc(Oc3cc(C[C@@H]4c5cc(OC)c(OC)cc5CCN4C)ccc3O)cc1)N(C)CC2,0.6585242363192658,1.0
XSSTWXWXXRTYPV-KBXCAEBGSA-N,CC1=CN2C(N)=C(Cl)C=C(C(=O)NC[C@@H]3CCCN(CC(C)C)C3)[C@@H]2N1,0.8098575557926673,1.0
WNZBBTJFOIOEMP-HXUWFJFHSA-N,O[C@H](CCCN1CCC(O)(c2ccc(Cl)cc2)CC1)c1ccc(F)cc1,0.850788517115389,1.0
KVHHQGIIZCJATJ-SMDDNHRTSA-N,C[C@@H](CN(C)C)[C@](C)(O)Cc1ccc(Cl)cc1,0.9464765738859557,1.0
PHLBKPHSAVXXEF-UHFFFAOYSA-N,O=c1n(CCCN2CCN(c3cccc(Cl)c3)CC2)nc2ccccn12,0.8963997331392174,1.0
VMWNQDUVQKEIOC-CYBMUJFWSA-N,CN1CCc2cccc3c2[C@H]1Cc1ccc(O)c(O)c1-3,0.9616865998742392,1.0
CFJMRBQWBDQYMK-UHFFFAOYSA-N,CCN(CC)CCOCCOC(=O)C1(c2ccccc2)CCCC1,0.9620586067855231,1.0
KFEAQGNOINWFSL-CABCVRRESA-O,Fc1cccc2c([C@@H]3C[NH2+]CC[C@@H]3F)c(-c3ccccc3)[nH]c12,0.8072622426463703,1.0
VNFPBHJOKIVQEB-UHFFFAOYSA-N,Clc1ccccc1C(c1ccccc1)(c1ccccc1)n1ccnc1,0.7070712801396708,1.0
QSLMDECMDJKHMQ-UHFFFAOYSA-O,C[NH2+]CCCC12CCC(c3ccccc31)c1ccccc12,0.9360997485283101,1.0
UPKQNCPKPOLASS-SANMLTNESA-O,COc1ccc(CC[NH2+]CCC[C@@](C#N)(c2ccc(OC)c(OC)c2)C(C)C)cc1OC,0.9057195694516333,1.0
KDDZVJQCAMDQTB-FQEVSTJZSA-O,N#Cc1ccc(Cn2cncc2C[NH2+][C@H]2CCN(c3ccncc3)C2=O)cc1,0.7207500702017146,1.0
JSWZEAMFRNKZNL-UHFFFAOYSA-N,Cc1nc[nH]c1CN1CCc2c(c3ccccc3n2C)C1=O,0.8954612855400309,1.0
GIRWMBVCAVUZRN-SANMLTNESA-N,CCN(CC)Cc1ccc2c(c1)CC[C@H](N1CCN(CCc3ccc(Cl)cc3)CC1=O)C2,0.8888874175875191,1.0
GMYLXTMMWJHQOZ-SANMLTNESA-N,CCN(CC)Cc1ccc2c(c1)CC[C@H](N1CCN(CCC3CCCCC3)CC1=O)C2,0.9342730184541689,1.0
BCGWQEUPMDMJNV-UHFFFAOYSA-O,C[NH+](C)CCCN1c2ccccc2CCc2ccccc21,0.9829367915016014,1.0
BCGWQEUPMDMJNV-UHFFFAOYSA-N,CN(C)CCCN1c2ccccc2CCc2ccccc21,0.9829367915016014,1.0
VCOUEHUEFUDZIS-VQTJNVASSA-N,N[C@@H](C(=O)N1CC(c2cc(F)ccc2F)=C[C@H]1c1ccccc1)C1CC1,0.7504907415635433,1.0
APVXBLPJSJGGAJ-UHFFFAOYSA-N,CCc1cn(-c2ccc(F)cc2)c2ccc(Cl)cc12,0.6838864756605579,1.0
ZEWQUBUPAILYHI-UHFFFAOYSA-N,CN1CCN(CCCN2c3ccccc3Sc3ccc(C(F)(F)F)cc32)CC1,0.9108870277668731,1.0
SWOGBCMCJSXRTN-UHFFFAOYSA-N,O=C(NC1CCN(Cc2ccc3c(c2)OCO3)CC1)c1cc(=O)c2ccc(OC(F)F)cc2o1,0.534277079934685,0.0
HJXJZSZXJNHUQH-UHFFFAOYSA-N,O=C(NC1CCN(Cc2ccc3c(c2)OCO3)CC1)c1cc(=O)c2ccc(Cl)cc2o1,0.6432967449445073,1.0
DLNAKYFPFYUBDR-HDICACEKSA-O,Nc1ccc(C(=O)N2C[C@@H]3C[C@H](C2)C[NH+](Cc2ccccc2)C3)cc1,0.8984439547171148,1.0
IKACRWYHQXOSGM-UTKZUKDTSA-O,CCC(=O)O[C@](Cc1ccccc1)(c1ccccc1)[C@H](C)C[NH2+]C,0.9666760165673608,1.0
MFWNKCLOYSRHCJ-AGUYFDCRSA-O,Cn1nc(C(=O)NC2C[C@@H]3CCC[C@H](C2)[NH+]3C)c2ccccc21,0.9715919489979261,1.0
CJOFXWAVKWHTFT-XSFVSMFZSA-O,COCCCC/C(=N\OCC[NH3+])c1ccc(C(F)(F)F)cc1,0.9024830545141564,1.0
DJBNUMBKLMJRSA-LLVKDONJSA-O,O=C(NC[C@H]1CCCC[NH2+]1)c1cc(OCC(F)(F)F)ccc1OCC(F)(F)F,0.8551911277068058,1.0
QWCRAEMEVRGPNT-UHFFFAOYSA-N,O=C1CC2(CCCC2)CC(=O)N1CCCCN1CCN(c2ncccn2)CC1,0.9457564397106303,1.0
WSEQXVZVJXJVFP-HXUWFJFHSA-O,C[NH+](C)CCC[C@]1(c2ccc(F)cc2)OCc2cc(C#N)ccc21,0.9659155123898948,1.0
GDLIGKIOYRNHDA-UHFFFAOYSA-N,CN(C)CCCN1c2ccccc2CCc2ccc(Cl)cc21,0.9777198302008704,1.0
GCYKFPCFTPBZFL-VWLOTQADSA-N,O=C1CN(CCc2ccc(F)cc2)CCN1[C@H]1CCc2cc(Cn3ccnc3)ccc2C1,0.822939187235522,1.0
HHCYCBKPWYJVEB-UHFFFAOYSA-N,O=C(NC1CCN(Cc2ccc3c(c2)OCO3)CC1)c1cc(=O)c2cc(F)ccc2o1,0.605203102774273,0.0
JNNOSTQEZICQQP-UHFFFAOYSA-N,Clc1ccc2c(c1)N=C(N1CCNCC1)c1ccccc1N2,0.8607622555691293,1.0
NNJNAROWGAKUJQ-CVEARBPZSA-O,Fc1ccc2c([C@@H]3C[NH2+]CC[C@@H]3F)c(-c3ccccc3)[nH]c2c1,0.8003584775768355,1.0
ZPMNHBXQOOVQJL-UHFFFAOYSA-O,COCCC[NH+]1CCC(NC(=O)c2cc(Cl)c(N)c3c2OCC3)CC1,0.26634443369037736,0.0
YLDLDGHBLNAUIY-UHFFFAOYSA-N,Cc1ccc(-c2nc(NC(=O)CC3CCN(C)CC3)cc(-n3nccc3C)n2)o1,0.77137485099314,1.0
OSASVXMJTNOKOY-UHFFFAOYSA-N,CC(C)(O)C(Cl)(Cl)Cl,0.3344218905410032,0.0
JAUOIFJMECXRGI-UHFFFAOYSA-O,Clc1ccc2c(c1)CCc1cccnc1C2=C1CC[NH2+]CC1,0.2470871632084794,0.0
JOAYEJZDGOLEDZ-KRWDZBQOSA-N,COc1cc(-n2cnc3cc(-c4ccc(Cl)cc4)sc3c2=O)ccc1N1CC[C@H](O)C1,0.5461659265078997,0.0
JNNOSTQEZICQQP-UHFFFAOYSA-O,Clc1ccc2c(c1)N=C(N1CC[NH2+]CC1)c1ccccc1N2,0.8607622555691293,1.0
CJSJNSBZZGUXSR-SNVBAGLBSA-N,C[C@@H](O)c1cn(-c2ccc(F)cc2)c2ccc(Cl)cc12,0.6954217136795467,1.0
RYYVLZVUVIJVGH-UHFFFAOYSA-N,Cn1c(=O)c2c(ncn2C)n(C)c1=O,0.7079722969854346,1.0
FYHCOUIJWCQUMZ-HNNXBMFYSA-O,c1ccc(-c2[nH]c3ccccc3c2[C@H]2CCC[NH2+]C2)cc1,0.9160207128480891,1.0
VJPTYAZXVBTBPT-UHFFFAOYSA-N,N#Cc1ccc2c(=O)cc(C(=O)NC3CCN(Cc4ccc5c(c4)OCO5)CC3)oc2c1,0.621496314561547,0.0
QWGDMFLQWFTERH-UHFFFAOYSA-N,Clc1ccc2c(c1)C(N1CCNCC1)=Nc1ccccc1O2,0.8831222424307117,1.0
MKXZASYAUGDDCJ-NJAFHUGGSA-N,COc1ccc2c(c1)[C@]13CCCC[C@@H]1[C@H](C2)N(C)CC3,0.9312295704180474,1.0
YACXOXQTGJXYNX-UHFFFAOYSA-N,COCCOCC#Cc1cc(-c2n[nH]c3c2C(=O)c2cc(CN4CCN(C)CC4)ccc2-3)cs1,0.7001531874244171,1.0
MZNNAIHCWWROJM-UHFFFAOYSA-N,COc1ccc(CN2CCC(NC(=O)c3cc(=O)c4ccc(F)cc4o3)CC2)cc1,0.6387668561770717,0.0
TTWJBBZEZQICBI-UHFFFAOYSA-O,CC[NH+](CC)CCNC(=O)c1cc(Cl)c(N)cc1OC,0.9311356111036341,1.0
DDHVVNWORMJVLB-SJORKVTESA-O,Fc1ccc2c([C@@H]3C[NH2+]CC[C@@H]3F)c(C3CCCCCC3)[nH]c2c1,0.9184564566508672,1.0
KRMDCWKBEZIMAB-UHFFFAOYSA-N,CN(C)CCC=C1c2ccccc2CCc2ccccc21,0.9773593657447464,1.0
YLBUTQNEBVPTES-HVQQGDSISA-N,CCCCNC[C@H](O)c1cc(Cl)cc2c1-c1ccc(Cl)cc1/C2=C/c1ccc(Cl)cc1,0.7854149520270808,1.0
KYYIDSXMWOZKMP-HNNXBMFYSA-N,CN(C)C[C@@H](c1ccc(O)cc1)C1(O)CCCCC1,0.9753754754855195,1.0
FUAKCAYITOKHOL-PMACEKPBSA-N,N[C@H](C(=O)N1CC(c2cc(F)ccc2F)=C[C@H]1c1cccc(O)c1)C1CC1,0.6356004248670378,0.0
UGWKDYRCSUMLFR-UHFFFAOYSA-N,O=C(NC1CCN(Cc2ccc3c(c2)OC(F)(F)O3)CC1)c1cc(=O)c2ccc(F)cc2o1,0.6748391844653717,1.0
FWPAVENSJPMGJO-UHFFFAOYSA-O,c1ccc(-c2[nH]c3ccccc3c2C2CC[NH2+]CC2)cc1,0.9172206694747611,1.0
URKOMYMAXPYINW-UHFFFAOYSA-O,OCCOCC[NH+]1CCN(C2=Nc3ccccc3Sc3ccccc32)CC1,0.9739740717932784,1.0
MBWXNTAXLNYFJB-NKFFZRIASA-N,CC1=C(C/C=C(\C)CCC[C@H](C)CCC[C@H](C)CCCC(C)C)C(=O)c2ccccc2C1=O,0.8484728742510537,1.0
KYPUJSDJTKKTQO-OAQYLSRUSA-O,N#Cc1ccc(Cn2cncc2C[NH2+][C@@H]2CCN(C(=O)c3cccc(Cl)c3)C2=O)cc1,0.6527390679588732,1.0
TWTUKHSBMLITSH-CEUNDQEZSA-O,O=C(OC1C[C@H]2CC3C[C@H](C1)[NH+]2CC3=O)C1=c2ccccc2=NC1,0.9316258992998808,1.0
WMBWREPUVVBILR-WIYYLYMNSA-N,O=C(O[C@@H]1Cc2c(O)cc(O)cc2O[C@@H]1c1cc(O)c(O)c(O)c1)c1cc(O)c(O)c(O)c1,0.5645309878329245,0.0
UMNUGEIXQBLVCO-HXUWFJFHSA-O,N#Cc1ccc(Cn2cncc2C[NH2+][C@@H]2CCN(C(=O)c3cncc(Br)c3)C2=O)cc1,0.7948922069488276,1.0
JFLDPXNTPNHXDV-UHFFFAOYSA-N,O=C(NC1CCN(Cc2ccc3c(c2)OCO3)CC1)c1cc(=O)c2cc(Cl)c(Cl)cc2o1,0.6099031293483445,0.0
NOQANYWVOXABDQ-UHFFFAOYSA-O,Fc1ccc(-n2cc(C3CC[NH+](CCN4CCNC4=S)CC3)c3cc(Cl)ccc32)cc1,0.8781393574590706,1.0
VHGCDTVCOLNTBX-QGZVFWFLSA-N,CNCC[C@@H](Oc1ccccc1C)c1ccccc1,0.9923391669543555,1.0
ODQWQRRAPPTVAG-BOPFTXTBSA-O,C[NH+](C)CC/C=C1/c2ccccc2COc2ccccc21,0.989424190896957,1.0
XYUMIRJLHXWAGA-QFIPXVFZSA-N,CN(C(=O)N1CC(c2cc(F)ccc2F)=C[C@H]1c1cccc(O)c1)C1CCNCC1,0.7514480363593856,1.0
WBVSOLNLFCLORC-KGLIPLIRSA-P,CCS(=O)(=O)C[NH2+][C@@H]1c2cc(C[NH3+])ccc2OC(C)(C)[C@H]1O,0.7832422653035195,1.0
UUMQGMCYAJYYQR-UHFFFAOYSA-O,COc1ccc(CC[NH+](C)CCCNc2c(Cl)cn[nH]c2=O)cc1OC,0.61717332572572,0.0
NNDBXESVYQQFSH-KEWXSAMVSA-N,CC/N=C(\c1ccc(OC)c(OC)c1)N1CCCc2cc(C3=NNC(=O)S[C@@H]3C)ccc21,0.7422782991831967,1.0
XQLWNAFCTODIRK-NDEPHWFRSA-N,COc1ccc(CCN(C)CCC[C@@](C#N)(c2cc(OC)c(OC)c(OC)c2)C(C)C)cc1OC,0.8669647158923729,1.0
IZLJKNPYMLZCPG-UHFFFAOYSA-N,O=C(NC1CCN(Cc2ccc3c(c2)OCO3)CC1)c1cc(=O)c2ccccc2o1,0.6868686538953035,1.0
GZKLJWGUPQBVJQ-UHFFFAOYSA-N,O=C1NCCN1CCN1CCC(c2cn(-c3ccc(F)cc3)c3ccc(Cl)cc23)CC1,0.9458083247763327,1.0
YKKPUIDGSXNPRO-GOSISDBHSA-O,C[NH+]1CCCC[C@@H]1c1c(-c2ccccc2)[nH]c2ccccc12,0.9696933055095915,1.0
ITBKCDFUYADWSI-CVEARBPZSA-O,Fc1ccc2[nH]c(-c3ccccc3)c([C@@H]3C[NH2+]CC[C@@H]3F)c2c1,0.802985005776413,1.0
PAVYFSUMGRBRPZ-CVEARBPZSA-O,F[C@H]1CC[NH2+]C[C@H]1c1c(-c2ccccc2)[nH]c2ccc(Cl)cc12,0.8245997068190164,1.0
ZPUCINDJVBIVPJ-GBJTYRQASA-O,COC(=O)[C@H]1[C@H](OC(=O)c2ccccc2)C[C@@H]2CC[C@H]1[NH+]2C,0.8148501164148665,1.0
MRONYHYWJWVKKK-QFIPXVFZSA-O,N#Cc1ccc(Cn2cncc2C[NH2+][C@H]2CCN(Cc3ccccc3)C2=O)cc1,0.8136698877391892,1.0
UVTNFZQICZKOEM-OAQYLSRUSA-N,CC(C)N(CC[C@@](C(N)=O)(c1ccccc1)c1ccccn1)C(C)C,0.9722205122848351,1.0
XQYZDYMELSJDRZ-UHFFFAOYSA-N,COc1ccc(Cc2nccc3cc(OC)c(OC)cc23)cc1OC,0.4203854337137306,0.0
DOYKZJFYZSSDTP-UHFFFAOYSA-N,CCc1ccc2c(=O)cc(C(=O)NC3CCN(Cc4ccc5c(c4)OCO5)CC3)oc2c1,0.7312673495653247,1.0
MIBATSHDJRIUJK-ROJLCIKYSA-N,COc1ccc(C[C@@H]2c3cc(Oc4cc(C[C@@H]5c6cc(OC)c(OC)cc6CCN5C)ccc4O)c(OC)cc3CCN2C)cc1,0.6142113912512825,0.0
RMRJXGBAOAMLHD-LDFHUFRKSA-O,CO[C@]12CC[C@@]3(C[C@@H]1[C@@](C)(O)C(C)(C)C)[C@H]1Cc4ccc(O)c5c4[C@@]3(CC[NH+]1CC1CC1)[C@H]2O5,0.8881493209966996,1.0
MDMTUGIZSFHDIC-UHFFFAOYSA-N,CCCCc1nc(Cl)c(CO)n1Cc1ccc(-c2ccccc2-c2nn[n-]n2)cc1,0.8701054817924405,1.0
YPELFRMCRYSPKZ-MRXNPFEDSA-O,CCOc1cc(N)c(Cl)cc1C(=O)NC[C@@H]1C[NH+](Cc2ccc(F)cc2)CCO1,0.6131458114640512,0.0
XKFYPIKUIRIHMW-VQTJNVASSA-N,CC(C)(C)[C@H](O)C(=O)N1CC(c2cc(F)ccc2F)=C[C@H]1c1cccc(O)c1,0.6655402660073966,1.0
YQNDWHKGOQHVNT-IBGZPJMESA-N,CC(C)(C)C(=O)N1CC(c2cc(F)ccc2F)=C[C@H]1c1cccc(O)c1,0.7282444065518618,1.0
CYXKNKQEMFBLER-GOSISDBHSA-O,C1CCC(C(C[C@H]2CCCC[NH2+]2)C2CCCCC2)CC1,0.7499902150075206,1.0
HPUWDQDUZQWGIJ-HXUWFJFHSA-O,CSc1ncccc1C(=O)N1CC[C@@H]([NH2+]Cc2cncn2Cc2ccc(C#N)cc2)C1=O,0.696460060577242,1.0
VGKDLMBJGBXTGI-SJCJKPOMSA-O,C[NH2+][C@H]1CC[C@@H](c2ccc(Cl)c(Cl)c2)c2ccccc21,0.8204551272113069,1.0
XWZAXTGZXFCRFU-SANMLTNESA-N,CCN(CC)Cc1ccc2c(c1)CC[C@H](N1CCN(CCc3ccc(F)cc3)CC1=O)C2,0.927183043120626,1.0
DYLGFOYVTXJFJP-QFYGQVNBSA-O,CCCC[NH+](CCCC)C[C@H](O)c1cc(Cl)cc2c1-c1ccc(Cl)cc1/C2=C\c1ccc(Cl)cc1,0.7841309075621941,1.0
NCDNCNXCDXHOMX-XGKFQTDJSA-N,CC(C)c1nc(CN(C)C(=O)N[C@H](C(=O)N[C@@H](Cc2ccccc2)C[C@H](O)[C@H](Cc2ccccc2)NC(=O)OCc2cncs2)C(C)C)cs1,0.700073915393129,1.0
BRCCXAUQKZKZAB-QHCPKHFHSA-O,N#Cc1ccc(Cn2cncc2C[NH2+][C@H]2CCN(c3cccc4ncccc34)C2=O)cc1,0.7214658277782326,1.0
CJPSOUOLAPMNQT-GHMZBOCLSA-O,COC(=O)c1[nH]c2cc(F)ccc2c1[C@@H]1C[NH2+]CC[C@H]1F,0.753303567319686,1.0
PEUBMPVLEUTSNQ-UXHICEINSA-N,CC(C)[C@H](N)C(=O)N1CC(c2cc(F)ccc2F)=C[C@@H]1c1cccc(O)c1,0.7713506751699261,1.0
NKKHUNXEXXFYQF-UHFFFAOYSA-N,COc1ccc(CN2CCC(NC(=O)c3cc(=O)c4ccc(F)cc4o3)CC2)cc1F,0.6613730338924598,1.0
KJHKTHWMRKYKJE-UKNNOAMWSA-N,Cc1cccc(C)c1OCC(=O)N[C@H](Cc1ccccc1)[C@H](O)C[C@@H](Cc1ccccc1)NC(=O)[C@@H](C(C)C)N1CCCNC1=O,0.6598966629961849,1.0
VVCYJFVTVHMTBV-HSZRJFAPSA-N,O=C(Cc1ccc(C(F)(F)F)cc1C(F)(F)F)N[C@@H]1N=C(c2ccccc2)c2ccccc2N(CC(F)(F)F)C1=O,0.49730754819455425,0.0
PNCPYILNMDWPEY-QGZVFWFLSA-N,C[C@H](Cc1cc2c(c(C(N)=O)c1)N(CCCO)CC2)NCCOc1ccccc1OCC(F)(F)F,0.8522048155663394,1.0
VFIDUCMKNJIJTO-BBRMVZONSA-N,Cc1ccc(OC[C@H](O)[C@H](C)NC(C)C)c2c1CCC2,0.9270098001465835,1.0
JRFXDRYERZNJFJ-INIZCTEOSA-O,C[NH+]1CCC[C@H](c2c(-c3ccccc3)[nH]c3ccccc23)C1,0.9687417921194595,1.0
USSIQXCVUWKGNF-QGZVFWFLSA-O,CCC(=O)C(C[C@@H](C)[NH+](C)C)(c1ccccc1)c1ccccc1,0.9644750647487773,1.0
KRMDCWKBEZIMAB-UHFFFAOYSA-O,C[NH+](C)CCC=C1c2ccccc2CCc2ccccc21,0.9773593657447462,1.0
CHDSRMIDIQABTP-UHFFFAOYSA-N,COc1ccc(CC(=O)NCc2ccccc2-c2ccccc2C(=O)NCCc2cccnc2)cc1,0.5939393962705318,0.0
RZEKVGVHFLEQIL-UHFFFAOYSA-N,Cc1ccc(-c2cc(C(F)(F)F)nn2-c2ccc(S(N)(=O)=O)cc2)cc1,0.9058274898755809,1.0
XUFQPHANEAPEMJ-UHFFFAOYSA-P,NC(N)=[NH+]c1nc(CSCC/C(N)=[NH+]/S(N)(=O)=O)cs1,0.8800282640559469,1.0
SRZRLJWUQFIZRH-CABCVRRESA-N,CN([C@@H]1c2cc(OCCCC(F)(F)F)ccc2OC(C)(C)[C@H]1O)S(C)(=O)=O,0.6275270850582086,0.0
OMHNNPPNYKUGBF-UHFFFAOYSA-N,CC(C)(CN1CCC(=C2c3ccc(F)cc3COc3ccccc32)CC1)C(=O)O,0.7805310900840943,1.0
APIXJSLKIYYUKG-UHFFFAOYSA-N,CC(C)Cn1c(=O)n(C)c(=O)c2[nH]cnc21,0.5863783822791434,0.0
VLPIATFUUWWMKC-SNVBAGLBSA-O,Cc1cccc(C)c1OC[C@@H](C)[NH3+],0.9552591861647117,1.0
HLZPUXJHOJGNRM-YADHBBJMSA-N,CN(C(=O)Cc1ccc(CNS(C)(=O)=O)cc1)[C@@H](CN1CC[C@@H](O)C1)c1ccccc1,0.8895471845410435,1.0
QPCVHQBVMYCJOM-UHFFFAOYSA-N,CCCOC(C(=O)OC1CCN(C)CC1)(c1ccccc1)c1ccccc1,0.9489197541956499,1.0
AQHHHDLHHXJYJD-CQSZACIVSA-O,CC(C)[NH2+]C[C@@H](O)COc1cccc2ccccc12,0.9845284294908443,1.0
PFOLMILRZUSKJO-UHFFFAOYSA-O,O=C1NCCN1CC[NH+]1CC=C(c2cn(-c3ccc(F)cc3)c3ccc(Cl)cc23)CC1,0.8124976908932002,1.0
CHQOEHPMXSHGCL-NNVGYOCASA-N,O=C1N(Cc2ccccc2)[C@H]2[C@H](C[S+]3CCC[C@H]23)N1Cc1ccccc1,0.8792330480979309,1.0
DEGBCQBDRINUIO-NRFANRHFSA-O,Cc1ncccc1C(=O)N1CC[C@H]([NH2+]Cc2cncn2Cc2ccc(C#N)cc2)C1=O,0.7306260861941144,1.0
PLQFHSGCVXIPKH-UHFFFAOYSA-N,COc1cc2c(Oc3ccc4[nH]c(C)c(C)c4c3)ncnc2cc1OCCN1CCN(CC(C)=O)CC1,0.7652828323790014,1.0
QIHLUZAFSSMXHQ-UHFFFAOYSA-N,CC(C)(C)N1CCC(c2ccccc2)(c2ccccc2)CC1,0.9059395985222152,1.0
AIDALYBWFLHEJP-UHFFFAOYSA-N,COc1cccc(CN2CCC(NC(=O)c3cc(=O)c4ccc(F)cc4o3)CC2)c1,0.6836890904908277,1.0
XHNXDERATDTZIU-MZNJEOGPSA-O,COc1ccccc1OCC[NH2+]C[C@@H](O)COC1=CC=CC2=Nc3ccccc3[C@@H]12,0.9160787221849886,1.0
PGRNXALRNBGGDQ-UHFFFAOYSA-N,O=C(NC1CCN(Cc2ccc3c(c2)OCO3)CC1)c1cc(=O)c2cc(F)c(Cl)cc2o1,0.5854247901362826,0.0
ZLMFYNUFHKVXII-MHZLTWQESA-N,O=C1CN(CCc2ccc(F)cc2)CCN1[C@H]1CCc2cc(CN3CCCCC3)ccc2C1,0.8602813874050041,1.0
FHIRATRLDJRXHH-WOJBJXKFSA-N,O=C([C@H](O)C1CC1)N1CC(c2cc(F)ccc2F)=C[C@@H]1c1ccccc1,0.5665343069298876,0.0
SPLFGEFBTYQRPO-UHFFFAOYSA-O,C[NH+](C)Cc1cn(-c2ccc(F)cc2)c2ccc(Cl)cc12,0.8074070569257473,1.0
JWLQSWJBHJDZPV-LJQANCHMSA-N,N#Cc1ccc(Cn2cncc2C[NH2+][C@@H]2CCN(C(=O)c3cccnc3[S-])C2=O)cc1,0.6292165804183991,0.0
BLVUILRZDGFJPZ-UHFFFAOYSA-N,COc1ccc2c(=O)cc(C(=O)NC3CCN(Cc4ccc5c(c4)OCO5)CC3)oc2c1,0.6735444634292302,1.0
QAGYKUNXZHXKMR-HKWSIXNMSA-O,Cc1c(O)cccc1C(=O)N[C@@H](CSc1ccccc1)[C@H](O)C[NH+]1C[C@H]2CCCC[C@H]2C[C@H]1C(=O)NC(C)(C)C,0.9448294521288422,1.0
UVNBMNWTGOQKQF-UHFFFAOYSA-N,COCCOCC#Cc1cc(-c2n[nH]c3c2Cc2ccc(Cn4cncn4)cc2-3)cs1,0.6959939200475602,1.0
FPDIERBPQFAFSI-UHFFFAOYSA-O,C[NH+]1CCN(C2=Nc3ccccc3Nc3sc(CO)cc32)CC1,0.9724894257975023,1.0
KYHAUJGXNUJCTC-VQIMIIECSA-N,CC[C@@H](O)C(C[C@@H](C)NC)(c1ccccc1)c1ccccc1,0.9508842138176297,1.0
MLWGAEVSWJXOQJ-SMURNVEISA-O,O=C(OC1C[C@@H]2CC3C[C@H](C1)[NH+]2C[C@@H]3O)c1c[nH]c2ccccc12,0.9333115214571359,1.0
UDROTHQORZMMBF-UHFFFAOYSA-N,O=C(NC1CCN(Cc2ccc3c(c2)OCCO3)CC1)c1cc(=O)c2ccc(F)cc2o1,0.6319109678146115,0.0
XEAKAKKNLOUHDV-UHFFFAOYSA-N,COc1ccc(CCNCCCNC(=O)c2ccc([N+](=O)[O-])cc2)cc1OC,0.7014625763293388,1.0
PCZOHLXUXFIOCF-KPNNFYHOSA-N,CC[C@@H](C)C(=O)O[C@@H]1C[C@@H](C)C=C2C=C[C@@H](C)[C@@H](CC[C@@H]3C[C@@H](O)CC(=O)O3)[C@H]21,0.3014262759453398,0.0
KWTWDQCKEHXFFR-SMDDNHRTSA-N,CC[C@@H](c1cccc(O)c1)[C@@H](C)CN(C)C,0.9801241874065545,1.0
SECKRCOLJRRGGV-UHFFFAOYSA-O,CCCc1nc(C)c2c(=O)nc(-c3cc(S(=O)(=O)N4CC[NH+](CC)CC4)ccc3OCC)[nH]n12,0.9220390416669672,1.0
DPEDLVMPSAGFDL-MHZLTWQESA-N,CS(=O)(=O)N1CCN(Cc2ccc3c(c2)CC[C@H](N2CCN(CCc4ccc(F)cc4)CC2=O)C3)CC1,0.7312039749279817,1.0
MHZCWVOMNJUVMC-UHFFFAOYSA-N,O=C(NC1CCN(Cc2cc3c(cc2Cl)OCO3)CC1)c1cc(=O)c2ccc(F)cc2o1,0.6555171951680312,1.0
OELXGRFKFSKGDI-UHFFFAOYSA-N,Cc1cn2ccn(CC3(c4ccc(C(F)(F)F)cc4)CC3)c(=O)c2n1,0.7194043698242178,1.0
FHPIXVHJEIZKJW-UHFFFAOYSA-N,Cc1cc2c(s1)Nc1ccccc1N=C2N1CCNCC1,0.9230329294303113,1.0
BMZVUMSBUURNOU-OAQYLSRUSA-O,CCSc1ncccc1C(=O)N1CC[C@@H]([NH2+]Cc2cncn2Cc2ccc(C#N)cc2)C1=O,0.7178490252185409,1.0
CYCLMWMLGIRJQE-UHFFFAOYSA-N,Cc1cc2c(s1)=Nc1ccccc1NC=2N1CCNCC1,0.9230329294303113,1.0
FHPIXVHJEIZKJW-UHFFFAOYSA-O,Cc1cc2c(s1)Nc1ccccc1N=C2N1CC[NH2+]CC1,0.9230329294303113,1.0
ZBNZXTGUTAYRHI-UHFFFAOYSA-N,Cc1nc(Nc2ncc(C(=O)Nc3c(C)cccc3Cl)s2)cc(N2CCN(CCO)CC2)n1,0.8509061390936662,1.0
XKLMZUWKNUAPSZ-HXUWFJFHSA-P,COc1ccccc1OC[C@H](O)C[NH+]1CC[NH+](CC(=O)Nc2c(C)cccc2C)CC1,0.9506224671443957,1.0
RASPHJGGIPBIMT-UHFFFAOYSA-N,COc1ccc(CN2CCC(NC(=O)c3cc(=O)c4ccc(F)cc4o3)CC2)c(F)c1,0.5591039775685378,0.0
UEQUQVLFIPOEMF-SFHVURJKSA-N,CN1CCN2c3ccccc3Cc3ccccc3[C@@H]2C1,0.957749987280178,1.0
CHZRIUCQCGDOGQ-IBGZPJMESA-N,CN(CCO)C(=O)N1CC(c2cc(F)ccc2F)=C[C@H]1c1cccc(O)c1,0.5393673197514821,0.0
FVFURMJFTAJXRH-UHFFFAOYSA-N,O=C(NC1CCN(Cc2ccc3c(c2)OCO3)CC1)c1cc(=O)c2ccc(F)cc2o1,0.6591953046025648,1.0
QWAXKHKRTORLEM-UGJKXSETSA-O,CC(C)(C)NC(=O)[C@@H]1C[C@@H]2CCCC[C@@H]2C[NH+]1C[C@@H](O)[C@H](Cc1ccccc1)NC(=O)[C@H](CC(N)=O)NC(=O)c1ccc2ccccc2n1,0.8723817554159256,1.0
XOSACJAQDPAKSG-UHFFFAOYSA-N,CCC(O)(CC)c1cn(-c2ccc(F)cc2)c2ccc(Cl)cc12,0.7786502318281879,1.0
UNAANXDKBXWMLN-MRXNPFEDSA-O,CC(C)C[C@@H]([NH+](C)C)C1(c2ccc(Cl)cc2)CCC1,0.9405291165254784,1.0
KESABOVUGAHUQM-UHFFFAOYSA-N,COc1cc2oc(C(=O)NC3CCN(Cc4ccc5c(c4)OCO5)CC3)cc(=O)c2cc1F,0.6399312907046523,0.0
RHWZYWPRZZGFHE-UHFFFAOYSA-N,COc1ccc(CNC(=O)c2cc3cc(Cl)ccc3o2)c(OC)c1,0.44014399435502705,0.0
VCKUSRYTPJJLNI-AWEZNQCLSA-N,COc1cc2nc(N3CCN(C(=O)[C@@H]4CCCO4)CC3)nc(N)c2cc1OC,0.8558853844739506,1.0
HSUGRBWQSSZJOP-RTWAWAEBSA-O,COc1ccc([C@@H]2Sc3ccccc3N(CC[NH+](C)C)C(=O)[C@@H]2OC(C)=O)cc1,0.9210349566820131,1.0
RWTNPBWLLIMQHL-GDLZYMKVSA-N,CC(C)(C(=O)O)c1ccc([C@H](O)CCCN2CCC(C(O)(c3ccccc3)c3ccccc3)CC2)cc1,0.20588587158082988,0.0
YKPUWZUDDOIDPM-SOFGYWHQSA-N,COc1cc(CNC(=O)CCCC/C=C/C(C)C)ccc1O,0.8081155201876009,1.0
OLHRLKFUMOQGCV-PMACEKPBSA-N,O=C([C@@H](O)C1CC1)N1CC(c2cc(F)ccc2F)=C[C@H]1c1cccc(O)c1,0.4845857030594452,0.0
ZYKYNFRMWCELGH-WCABBAIRSA-O,C[C@H]1CN(c2c(F)c(N)c3c(c2F)[N+](C2CC2)=C[C@@H](C(=O)[O-])C3=O)C[C@@H](C)[NH2+]1,0.9439312489788668,1.0
ZZVUWRFHKOJYTH-UHFFFAOYSA-N,CN(C)CCOC(c1ccccc1)c1ccccc1,0.9739391739024896,1.0
HVSJHHXUORMCGK-UONOGXRCSA-N,CCS(=O)(=O)N(C)[C@H]1c2cc(C#N)ccc2OC(C)(C)[C@@H]1O,0.6968681088873769,1.0
COLOFELGEFWPSM-UHFFFAOYSA-N,O=C(NC1CCN(Cc2ccccc2)CC1)c1cc(=O)c2ccc(F)cc2o1,0.6613389023776661,1.0
DNUYDQISHIJMLD-MRXNPFEDSA-O,Cc1cccc(C)c1NC(=O)[C@H]1CCCC[NH+]1CC1CC1,0.9612525322720795,1.0
UQCSGPVPTAKSLE-UHFFFAOYSA-N,CN(CCCN1c2ccccc2CCc2ccccc21)C(=O)c1cc2cc(Cl)ccc2o1,0.6364671477103763,0.0
ZZCFQOGPJUCWRJ-UHFFFAOYSA-N,CC(=O)c1ccc(CN2CCC(NC(=O)c3cc(=O)c4ccc(F)cc4o3)CC2)cc1,0.5561476843713618,0.0
KFUJMHHNLGCTIJ-UHFFFAOYSA-N,CCCOC(C(=O)OC1CCN(C)CC1)(c1ccccc1)c1ccccc1.Cl,0.9489197541956499,1.0
BCQTVJKBTWGHCX-UHFFFAOYSA-O,Cc1cccc(C)c1NC(=O)CC12CCC[NH+]1CCC2,0.9224523995783932,1.0
LEBVLXFERQHONN-MRXNPFEDSA-N,CCCCN1CCCC[C@@H]1C(=O)Nc1c(C)cccc1C,0.9605286641292342,1.0
YCGIBRPJFAKJEZ-MWLCHTKSSA-N,Cc1ccc2c(n1)N1[C@H](C)CNC[C@H]1C2,0.8932827419042045,1.0
ODLRLBPCVCWBFC-LTGZKZEYSA-N,CCc1c(C)[nH]c2c1/C(=N/NC(=O)Nc1ccccc1)CCC2,0.8116176794884147,1.0
SOYKEARSMXGVTM-OAHLLOKOSA-O,C[NH+](C)CC[C@H](c1ccc(Cl)cc1)c1ccccn1,0.9489247228464545,1.0
VBHQKCBVWWUUKN-FGTMMUONSA-N,COc1ccc(CCO[C@@H]2CCCC[C@@H]2N2CC[C@@H](O)C2)cc1OC,0.9297305533031358,1.0
YNDYPWGPPXBCBU-QZTJIDSGSA-N,CC(C)Oc1cc([C@H](C2=CN[C@@H](C(O)(C(F)(F)F)C(F)(F)F)S2)c2cc[n+]([O-])cc2)ccc1OC(F)F,0.5204637800880257,0.0
WSZPVEPHZIBFKY-FQEVSTJZSA-O,COc1ncccc1C(=O)N1CC[C@H]([NH2+]Cc2cncn2Cc2ccc(C#N)cc2)C1=O,0.6483363164227134,1.0
YECSPBDBORKKPX-UHFFFAOYSA-N,O=C(NC1CCN(Cc2cccc(F)c2)CC1)c1cc(=O)c2ccc(F)cc2o1,0.7426900320510065,1.0
INDBQLZJXZLFIT-LLVKDONJSA-N,COc1cc(N[C@H](C)CCCN)c2ncccc2c1,0.9967989646246764,1.0
QKLFCONZVYIGMK-DHIUTWEWSA-N,CC(C)(O)[C@H]1C=CC([C@H](c2cc[n+](O)cc2)c2ccc(OC(F)F)c(OC3CCC3)c2)=CN1,0.5641650064335835,0.0
WIKYUJGCLQQFNW-UHFFFAOYSA-P,C[NH+]1CC[NH+](CCCN2c3ccccc3Sc3ccc(Cl)cc32)CC1,0.9502082485647927,1.0
ISMDFYMIOSVVKL-RTBURBONSA-N,CC(C)(O)[C@H]1C=CC([C@H](c2cc[n+]([O-])cc2)c2ccc(OC(F)F)c(OC(F)F)c2)=CN1,0.5801174860878257,0.0
IPOBOOXFSRWSHL-INIZCTEOSA-O,c1ccc(C2(c3ccccc3)C[C@H]2C2=[NH+]CCN2)cc1,0.8873587018337706,1.0
LXMSZDCAJNLERA-ZHYRCANASA-N,CC(=O)S[C@@H]1CC2=CC(=O)CC[C@]2(C)[C@H]2CC[C@@]3(C)[C@@H](CC[C@@]34CCC(=O)O4)[C@@H]21,0.8646067840390428,1.0
QPOLRENOYJQNEP-UHFFFAOYSA-O,O=C1NCCN1CC[NH+]1CCC(c2cn(-c3ccc(F)cc3)c3ccccc23)CC1,0.9646379730609538,1.0
ZKMNUMMKYBVTFN-OAHLLOKOSA-N,CCCN1CCCC[C@@H]1C(=O)Nc1c(C)cccc1C,0.966948599886091,1.0
PTWGVYYSUNMNEA-SANMLTNESA-N,O=C1CN(CCc2ccc(F)cc2)CCN1[C@H]1CCc2cc(CN3CCS(=O)(=O)CC3)ccc2C1,0.7860445529299418,1.0
VGDDOIZXGFJDRC-GPXOXTDOSA-N,COc1cc(N)c(Cl)cc1C(=O)N[C@@H]1CCN(CCCCCC(=O)O[C@@H]2CN3CCC2CC3)C[C@@H]1OC,0.82433453741235,1.0
LMCXKYFBYKWNPT-NDEPHWFRSA-N,CC(=O)N1CCN(Cc2ccc3c(c2)CC[C@H](N2CCN(CCc4ccc(F)cc4)CC2=O)C3)CC1,0.7730229783722093,1.0
CVRXJUWJTSBTOZ-RRPNLBNLSA-N,CN(C)C(=O)[C@@H](CO)N(C)Cc1ccc2c(c1)CC[C@H](N1CCN(CCc3ccc(F)cc3)CC1=O)C2,0.7733836135293798,1.0
RWUSOKGVCNRFRC-YADHBBJMSA-N,CC(C)(C)[C@@H](NC(=O)OCCO)C(=O)N1CC(c2cc(F)ccc2F)=C[C@@H]1c1ccccc1,0.515773646458411,0.0
JOBAOSFUAYZLLR-FGZHOGPDSA-N,CC(C)(C)Oc1cc([C@H](C2=CN[C@@H](C(C)(C)O)C=C2)c2cc[n+]([O-])cc2)ccc1OC(F)F,0.6287623206758358,0.0
KZLYONKFXCOHJS-UHFFFAOYSA-M,COc1cc(C(=O)N=S(=O)([O-])c2ccccc2C)ccc1Cc1cn(C)c2ccc(NC(=O)OC3CCCC3)cc12,0.5096038184127998,0.0
XIQVNETUBQGFHX-JOCHJYFZSA-O,CC[NH+](CC)CC#CCOC(=O)[C@@](O)(c1ccccc1)C1CCCCC1,0.9843936576280745,1.0
ISMDFYMIOSVVKL-MOPGFXCFSA-N,CC(C)(O)[C@H]1C=CC([C@@H](c2cc[n+]([O-])cc2)c2ccc(OC(F)F)c(OC(F)F)c2)=CN1,0.5801174860878257,0.0
WGKXWXIRWQTDIT-UHFFFAOYSA-N,Cc1nc2c(=O)n(CC3(c4ccccc4)CC3)ccn2c1Br,0.6512455119707087,1.0
SPGSEYZCAVGGHG-UHFFFAOYSA-N,CN(C)Cc1cc2cc(Cl)ccc2n1-c1ccc(F)cc1,0.7901308407894889,1.0
ZZVUWRFHKOJYTH-UHFFFAOYSA-O,C[NH+](C)CCOC(c1ccccc1)c1ccccc1,0.9739391739024896,1.0
ZKLPARSLTMPFCP-OAQYLSRUSA-O,O=C([O-])COCC[NH+]1CC[NH+]([C@H](c2ccccc2)c2ccc(Cl)cc2)CC1,0.897608023207549,1.0
KFCPOTABOSFYOA-GOSISDBHSA-N,CN(C)C(=O)N1CC(c2cc(F)ccc2F)=C[C@@H]1c1cccc(O)c1,0.5990875151434336,0.0
HUECVZVXOOKJSY-UHFFFAOYSA-O,COCc1ccc(-n2cc(C3CC[NH+](CCN4CCNC4=O)CC3)c3cc(Cl)ccc32)cc1,0.9393322760370707,1.0
FTVWIRXFELQLPI-ZDUSSCGKSA-N,O=C1C[C@@H](c2ccc(O)cc2)Oc2cc(O)cc(O)c21,0.619719590048889,0.0
RXZBMPWDPOLZGW-NKWBXUOLSA-O,CC[C@H]1OC(=O)[C@@H](C)[C@@H](O[C@H]2C[C@@](C)(OC)[C@@H](O)[C@H](C)O2)[C@H](C)[C@@H](O[C@@H]2O[C@H](C)C[C@H]([NH+](C)C)[C@@H]2O)[C@](C)(O)C[C@@H](C)/C(=N/OCOCCOC)[C@H](C)[C@@H](O)[C@]1(C)O,0.8140656523114211,1.0
YDJNEXNYNQFHSZ-ROUUACIJSA-N,CC(C)Oc1cc([C@H](C2=CN[C@H](C(O)(C(F)(F)F)C(F)(F)F)S2)c2ccc[n+]([O-])c2)ccc1OC(F)F,0.5298559701368027,0.0
YDJNEXNYNQFHSZ-QZTJIDSGSA-N,CC(C)Oc1cc([C@@H](C2=CN[C@@H](C(O)(C(F)(F)F)C(F)(F)F)S2)c2ccc[n+]([O-])c2)ccc1OC(F)F,0.5298559701368027,0.0
MOQSICIMMOJGRV-UHFFFAOYSA-N,CCN(CC)CCOC(=O)c1ccc(N)cc1.CN(C)CCCN1c2ccccc2CCc2ccc(Cl)cc21,0.9777198302008704,1.0
QSAGECMFQHGXSW-FGZHOGPDSA-N,CC(C)Oc1cc([C@H](C2=CN[C@@H](C(C)(C)O)C=C2)c2cc[n+]([O-])cc2)ccc1OC(F)F,0.6034021674266499,0.0
ZZLROBRAQFBDQX-FGZHOGPDSA-N,CC(C)Oc1cc([C@H](C2=CN[C@@H](C(C)(C)O)C=C2)c2ccc[n+]([O-])c2)ccc1OC(F)F,0.5584386052915756,0.0
GSNHKUDZZFZSJB-HLMSNRGBSA-N,Cc1nnc(C(C)C)n1C1C[C@@H]2CC[C@H](C1)N2CC[C@H](NC(=O)C1CCC(F)(F)CC1)c1ccccc1,0.8996618969151906,1.0
HWADWMAQVCHLHJ-FCHUYYIVSA-N,COc1ccc(CC(=O)Nc2cc3c(cc2[N+](=O)[O-])OC(C)(C)[C@H](O)[C@H]3NC2CC2)cc1,0.501771263747872,0.0
ZZLROBRAQFBDQX-YADHBBJMSA-N,CC(C)Oc1cc([C@@H](C2=CN[C@@H](C(C)(C)O)C=C2)c2ccc[n+]([O-])c2)ccc1OC(F)F,0.5584386052915756,0.0
OFYVIGTWSQPCLF-NWDGAFQWSA-N,Cc1ccc([C@@]23CNC[C@@H]2C3)cc1,0.8965767633290709,1.0
AXOYDNAEBFRXFX-UHFFFAOYSA-N,CC(=O)Nc1ccc(CN2CCC(NC(=O)c3cc(=O)c4ccc(F)cc4o3)CC2)cc1,0.6235541630323072,0.0
AWZOLILCOUMRDG-UHFFFAOYSA-N,CCOP(=O)(Sc1ccccc1)Sc1ccccc1,0.6459780551624611,1.0
KHYPYQZQJSBPIX-UHFFFAOYSA-O,CC[NH+](CC)CCNC(=O)c1ccc(NS(C)(=O)=O)cc1,0.8577919052147597,1.0
AHNFQQHGOJRCIY-IBGZPJMESA-N,N#Cc1ccc(Cn2cncc2C[NH2+][C@H]2CCN(C(=O)c3cccnc3[O-])C2=O)cc1,0.5784888330000425,0.0
ZAKVYFKOQFBNTN-LJQANCHMSA-O,N#Cc1ccc(Cn2cncc2C[NH2+][C@@H]2CCN(C(=O)c3cccnc3N)C2=O)cc1,0.6171845196221025,0.0
JOFWLTCLBGQGBO-UHFFFAOYSA-N,Cc1nnc2n1-c1ccc(Cl)cc1C(c1ccccc1Cl)=NC2,0.20861389701465452,0.0
HMJIYCCIJYRONP-INIZCTEOSA-N,COC(=O)C1=C(C)NC(C)=C(C(=O)OC(C)C)[C@H]1c1cccc2nonc12,0.8856492118938032,1.0
ZEIWUNUWVFDQSR-UHFFFAOYSA-N,CN1CCN(Cc2ccc3c(c2)Cc2c(-c4csc(C#CCOc5ccccc5)c4)n[nH]c2-3)C(=O)C1,0.7066125497290977,1.0
NEOCIRBUHOQWHN-IFMALSPDSA-N,CC(C)Oc1cc([C@@H](C2=CCC(=O)N=C2)C2=CN[C@@H](C(C)(C)O)C=C2)ccc1OC(F)F,0.5611976420385445,0.0
UEIDYAWIUQPJEB-UXHICEINSA-N,CC(C)(C)Oc1cc([C@H](C2=CN[C@H](C(C)(C)O)S2)c2cc[n+]([O-])cc2)ccc1OC(F)F,0.5922396637132102,0.0
AGOYDEPGAOXOCK-XPAGNVIGSA-O,CC[C@@H]1OC(=O)[C@@H](C)[C@H](O[C@H]2C[C@@](C)(OC)[C@@H](O)[C@H](C)O2)[C@H](C)[C@@H](O[C@@H]2O[C@H](C)C[C@@H]([NH+](C)C)[C@@H]2O)[C@@](C)(OC)C[C@@H](C)C(=O)[C@@H](C)[C@@H](O)[C@]1(C)O,0.9721312768039663,1.0
UWSWEIHMWZRUQD-MSOLQXFVSA-N,CC(C)(C)Oc1cc([C@H](C2=CN[C@H](C(O)(C(F)(F)F)C(F)(F)F)S2)c2cc[n+]([O-])cc2)ccc1OC(F)F,0.49410105147205285,0.0
BNUDUOYYTGIBIA-RMUUQTCXSA-N,CC(C)CN1C[C@H]2CN(C(C)C)C[C@@H](C1)C21CCCCC1.CNCC[C@@H](Oc1ccccc1C)c1ccccc1,0.7459294902568736,1.0
PPJGRQFHPGWXNI-UHFFFAOYSA-N,O=C(NC1CCN(Cc2ccc3c(c2)OCO3)CC1)c1cc(=O)c2ccc(O)cc2o1,0.6427593036403136,1.0
YBHILYKTIRIUTE-UHFFFAOYSA-N,COc1ccc2cc3[n+](cc2c1OC)CCc1cc2c(cc1-3)OCO2,0.5367565281960666,0.0
HWQPKBLZEKRMGK-ZWNOBZJWSA-O,Cc1c(F)c(N2CC[NH2+][C@H](C)C2)cc2c1C(=O)[C@H](C(=O)[O-])C=[N+]2C1CC1,0.9270162950358078,1.0
LSQARZALBDFYQZ-UHFFFAOYSA-N,O=C(c1ccc(F)cc1)c1ccc(F)cc1,0.6902088186664789,1.0
GNDHXHLGYBJDRD-UHFFFAOYSA-N,O=C(c1ccccc1F)c1ccccc1F,0.6886756330854521,1.0
ULGZDMOVFRHVEP-IWZFRRFNSA-O,CC[C@H]1OC(=O)[C@H](C)[C@H](O[C@H]2C[C@](C)(OC)[C@H](O)[C@@H](C)O2)[C@@H](C)[C@@H](O[C@H]2O[C@H](C)C[C@@H]([NH+](C)C)[C@H]2O)[C@](C)(O)C[C@@H](C)C(=O)[C@H](C)[C@@H](O)[C@@]1(C)O,0.9593871794992583,1.0
OVOWTFSMKVIMPY-UHFFFAOYSA-M,COc1ccc(Cl)cc1C(=O)NCCc1ccc(S(=O)([O-])=NC(=O)NC2CCCCC2)cc1,0.5442257407715962,0.0
NFVVGNUJRILVTB-UHFFFAOYSA-M,CCC1=C(C)CN(C(=O)NCCc2ccc(S(=O)([O-])=NC(=O)NC3CCC(C)CC3)cc2)C1=O,0.6672538630370661,1.0
ZBMZVLHSJCTVON-LBPRGKRZSA-O,CC(C)[NH2+]C[C@H](O)c1ccc(NS(C)(=O)=O)cc1,0.9357899899908252,1.0
XXVFVJMQSVMFRI-UHFFFAOYSA-N,O=C(O)c1ccc(-n2cc(C3CCN(CCN4CCNC4=O)CC3)c3cc(Cl)ccc32)cc1,0.7920561520476807,1.0
XADCESSVHJOZHK-UHFFFAOYSA-N,CCOC(=O)C1(c2ccccc2)CCN(C)CC1,0.9940480110135552,1.0
SNPPWIUOZRMYNY-SECBINFHSA-O,C[C@@H]([NH2+]C(C)(C)C)C(=O)c1cccc(Cl)c1,0.9406298028168727,1.0
STJMRWALKKWQGH-JTQLQIEISA-N,CC(C)(C)NC[C@H](O)c1cc(Cl)c(N)c(Cl)c1,0.8029551924387721,1.0
YHXISWVBGDMDLQ-UHFFFAOYSA-N,O=C(NCCN1CCOCC1)c1ccc(Cl)cc1,0.7303384413065017,1.0
TXBBUZOFVGAXEG-MRXNPFEDSA-N,COc1cc2nc(N(C)CCCNC(=O)[C@H]3CCCO3)nc(C)c2cc1OC,0.6986996885450713,1.0
LZLFOPCRHMBFCG-UHFFFAOYSA-O,O=C1NCCN1CC[NH+]1CCC(c2cn(-c3ccccc3)c3ccc(Cl)cc23)CC1,0.9494567531016408,1.0
LORDFXWUHHSAQU-QFIPXVFZSA-O,CC[C@](COC(=O)c1cc(OC)c(OC)c(OC)c1)(c1ccccc1)[NH+](C)C,0.7869275061345623,1.0
UVTNFZQICZKOEM-NRFANRHFSA-O,CC(C)[NH+](CC[C@](C(N)=O)(c1ccccc1)c1ccccn1)C(C)C,0.9722205122848352,1.0
WCTZPQWLFWZYJE-UHFFFAOYSA-N,OC(c1ccc(F)cc1)c1ccc(F)cc1,0.7049584514438371,1.0
AJRJPORIQGYFMT-IBCCMOFXSA-N,C/C=C1\N(C)[C@H](C)CC1(c1ccccc1)c1ccccc1,0.9437271994566663,1.0
FXNWFXRQHYRCRA-UHFFFAOYSA-N,Cc1cn2ccn(CC3(c4ccccc4)CC3)c(=O)c2n1,0.830579997986937,1.0
GBXSMTUPTTWBMN-XIRDDKMYSA-N,CCOC(=O)[C@H](CCc1ccccc1)N[C@@H](C)C(=O)N1CCC[C@H]1C(=O)O,0.8357467418902815,1.0
CRIDMDBQMURTEF-UHFFFAOYSA-O,CCCC1=N[N+](C)=C2C(=O)N=C(c3cc(S(=O)(=O)N4CC[NH+](C)CC4)ccc3OCC)N=C12,0.830553213624444,1.0
WOXKDUGGOYFFRN-IERDGZPVSA-N,CN1CC(=O)N2[C@@H](c3ccc4c(c3)OCO4)c3[nH]c4ccccc4c3C[C@@H]2C1=O,0.8785138307516537,1.0
WOXKDUGGOYFFRN-IIBYNOLFSA-N,CN1CC(=O)N2[C@H](Cc3c([nH]c4ccccc34)[C@H]2c2ccc3c(c2)OCO3)C1=O,0.8785138307516537,1.0
XJSFLOJWULLJQS-YYIBPVKUSA-O,CO[C@@H]1[C@H](OC(C)=O)CC(=O)O[C@H](C)C/C=C\C=C\[C@H](O)[C@H](C)C[C@H](CC=O)[C@H]1O[C@H]1O[C@H](C)[C@H](O[C@@H]2C[C@@](C)(O)[C@H](OC(=O)CC(C)C)[C@@H](C)O2)[C@H]([NH+](C)C)[C@H]1O,0.7649735206193654,1.0
PBKZPPIHUVSDNM-ZRJJWSOFSA-M,C[C@@]12CCC(=O)C=C1C=C[C@@H]1[C@H]2CC[C@]2(C)[C@@H]1CC[C@]2(O)CCC(=O)[O-],0.7644332991450612,1.0
PBKZPPIHUVSDNM-DHNHVGITSA-N,C[C@]12CC[C@@H]3[C@@H](C=CC4=CC(=O)CC[C@@]43C)[C@H]1CC[C@@]2(O)CCC(=O)O,0.7644332991450612,1.0
DRHKJLXJIQTDTD-OAHLLOKOSA-O,CCOc1ccccc1OCC[NH2+][C@H](C)Cc1ccc(OC)c(S(N)(=O)=O)c1,0.7799156426930303,1.0
LUTWDNUXHDYZRA-GOSISDBHSA-N,CCCNC[C@@H](O)COc1ccc(O)cc1C(=O)CCc1ccccc1,0.9542247194244647,1.0
LUHMMHZLDLBAKX-XHNSQYHFSA-N,CC1=C2[C@@H]3OC(=O)[C@@H](C)[C@@H]3[C@H](O)C[C@]2(C)C=CC1=O,0.7008342149879728,1.0
YXOLAZRVSSWPPT-UHFFFAOYSA-N,O=c1c(O)c(-c2ccc(O)cc2O)oc2cc(O)cc(O)c12,0.6100740770833659,0.0
PVHUJELLJLJGLN-MRXNPFEDSA-N,CCOC(=O)C1=C(C)NC(C)=C(C(=O)OC)[C@H]1c1cccc([N+](=O)[O-])c1,0.6636927020541472,1.0
OINGBLFLPOTCSL-ZWNOBZJWSA-O,COc1c(N2CC[NH2+][C@H](C)C2)c(F)cc2c1[N+](C1CC1)=C[C@@H](C(=O)[O-])C2=O,0.8509172765556354,1.0
PXHIIPJRDFBEKU-XFJVYGCCSA-O,COc1c(N2C[C@H]3CCC[NH2+][C@H]3C2)c(F)cc2c1[N+](C1CC1)=C[C@@H](C(=O)[O-])C2=O,0.9218174088218758,1.0
HKRLVOSLITZMIY-UHFFFAOYSA-O,COCCc1ccc(-n2cc(C3CC[NH+](CCN4CCNC4=O)CC3)c3cc(Cl)ccc32)cc1,0.944417724652094,1.0
WEXRUCMBJFQVBZ-SSDOTTSWSA-N,CCC[C@@H](C)C1(CC)C(=O)NC(=O)NC1=O,0.8825649914760695,1.0
LTRSQBSUNYICJX-SFHVURJKSA-P,C[NH+]1CC[NH+]([C@@H]2c3ccccc3Nc3ccc(Cl)cc3N2O)CC1,0.8712969990351003,1.0
GSNUVPVGNUTESH-UHFFFAOYSA-O,O=C1NCCN1CC[NH+]1CCC(c2cn(C3CCCCC3)c3ccc(Cl)cc23)CC1,0.9642137746338553,1.0
REQCZEXYDRLIBE-UHFFFAOYSA-N,CCN(CC)CCNC(=O)c1ccc(N)cc1,0.9897254908590688,1.0
IUBSYMUCCVWXPE-CQSZACIVSA-O,COCCc1ccc(OC[C@H](O)C[NH2+]C(C)C)cc1,0.9926165554207119,1.0
TXOOBKBDBNRQCF-HTCZRVEBSA-O,CC[C@H]1OC(=O)[C@@H](C)[C@@H](O[C@H]2C[C@@](C)(OC)[C@@H](O)[C@H](C)O2)[C@H](C)[C@@H](O[C@@H]2O[C@H](C)C[C@H]([NH2+]C)[C@@H]2O)[C@](C)(O)C[C@@H](C)C(=O)[C@H](C)[C@@H](O)[C@]1(C)O,0.8827182123715006,1.0
MWFRKHPRXPSWNT-YZIKZFIESA-O,CC[C@H]1OC(=O)[C@H](C)[C@H](O[C@H]2C[C@@](C)(O)[C@H](O)[C@@H](C)O2)[C@@H](C)[C@H](O[C@H]2O[C@H](C)C[C@@H]([NH+](C)C)[C@H]2O)[C@](C)(O)C[C@@H](C)C(=O)[C@H](C)[C@@H](O)[C@@]1(C)O,0.8860724314564503,1.0
MFFMDFFZMYYVKS-SECBINFHSA-N,N[C@@H](CC(=O)N1CCn2c(nnc2C(F)(F)F)C1)Cc1cc(F)c(F)cc1F,0.8264777381837719,1.0
MWFRKHPRXPSWNT-QNPWSHAKSA-N,CC[C@H]1OC(=O)[C@H](C)[C@@H](O[C@H]2C[C@@](C)(O)[C@@H](O)[C@H](C)O2)[C@H](C)[C@@H](O[C@@H]2O[C@H](C)C[C@H](N(C)C)[C@H]2O)[C@](C)(O)C[C@@H](C)C(=O)[C@H](C)[C@@H](O)[C@]1(C)O,0.8860724314564503,1.0
INWLQCZOYSRPNW-ZDUSSCGKSA-N,Cc1cccc(C)c1NC(=O)[C@@H]1CCCCN1C,0.9610283875757378,1.0
GPTFURBXHJWNHR-UHFFFAOYSA-O,C[NH+]1CCc2cc3c(cc2C(=O)Cc2ccc4c(c2C1)OCO4)OCO3,0.609666615478374,0.0
WHWZLSFABNNENI-HNNXBMFYSA-O,NC1=[NH+]C[C@H]2c3ccccc3Cc3ccccc3N12,0.8111719089626558,1.0
MPSNEAHFGOEKBI-APPZFPTMSA-O,COC(=O)C1=CC[C@@H]2CC[C@@H]1[NH+]2C,0.8382298675933338,1.0
YZTMOTXOTDTVTA-UHFFFAOYSA-N,CCCCC1=NC2(CCCC2)C(=O)N1Cc1ccc(-c2ccccc2-c2nn[n-]n2)cc1,0.861248274827747,1.0
AAGFPTSOPGCENQ-RGCMKSIDSA-N,O=C1C=CC[C@@H]2[C@H]3CCCN4CCC[C@H](CN12)[C@H]34,0.8010447250238621,1.0
CPZBLNMUGSZIPR-DOTOQJQBSA-N,O=C1c2cccc3c2[C@@H](CCC3)CN1[C@@H]1CN2CCC1CC2,0.9554436316771836,1.0
YCXCLZSLZGBCTA-UHFFFAOYSA-O,Fc1ccc(-n2cc(C3CC[NH2+]CC3)c3cc(Cl)ccc32)cc1,0.8628995365907635,1.0
OWYFRDWZRZPAGB-JYJQVCSASA-N,CO/N=C1\CN(c2nc3c(cc2F)C(=O)[C@H](C(=O)O)CN3C2CC2)CC12CNC2,0.6139833657772825,0.0
QTGIAADRBBLJGA-VIFPVBQESA-N,CCCN[C@@H](C)C(=O)Nc1c(C)csc1C(=O)OC,0.7763609945038746,1.0
PYZRQGJRPPTADH-UHFFFAOYSA-N,Nc1nnc(-c2cccc(Cl)c2Cl)c(N)n1,0.8551211098596166,1.0
KYYIDSXMWOZKMP-UHFFFAOYSA-N,CN(C)CC(c1ccc(O)cc1)C1(O)CCCCC1,0.9753754754855195,1.0
IEDVJHCEMCRBQM-UHFFFAOYSA-N,COc1cc(Cc2cnc(N)nc2N)cc(OC)c1OC,0.10030669034188631,0.0
HIGKMVIPYOFHBP-OAHLLOKOSA-N,NC[C@@H](O)COc1ccccc1C(=O)CCc1ccccc1,0.9709678603069016,1.0
CXOFVDLJLONNDW-UHFFFAOYSA-N,O=C1NC(=O)C(c2ccccc2)(c2ccccc2)N1,0.8652641015093246,1.0
SNICXCGAKADSCV-SNVBAGLBSA-O,C[NH+]1CCC[C@@H]1c1cccnc1,0.8961107727146088,1.0
NNJVILVZKWQKPM-UHFFFAOYSA-N,CCN(CC)CC(=O)Nc1c(C)cccc1C,0.9599123958449991,1.0
XCLJRCAJSCMIND-ASLAJYHDSA-P,CC[C@H]1OC(=O)[C@@H](C)[C@@H](O[C@H]2C[C@@](C)(OC)[C@@H](O)[C@H](C)O2)[C@H](C)[C@@H](O[C@@H]2O[C@H](C)C[C@H]([NH+](C)C)[C@@H]2O)[C@@](C)(O)C[C@@H](C)[C@H]([NH3+])[C@H](C)[C@@H](O)[C@]1(C)O,0.9271599217623632,1.0
AIONOLUJZLIMTK-AWEZNQCLSA-N,COc1ccc([C@@H]2CC(=O)c3c(O)cc(O)cc3O2)cc1O,0.5768618333024391,0.0
CGIGDMFJXJATDK-UHFFFAOYSA-M,COc1ccc2c(c1)c(CC(=O)[O-])c(C)n2C(=O)c1ccc(Cl)cc1,0.7763289893420168,1.0
UJZQBOMSGKCXRL-UHFFFAOYSA-N,CC(C)(NC(=O)c1ccc(O)cc1)C(=O)O,0.7027260054679089,1.0
OROGSEYTTFOCAN-DNJOTXNNSA-O,COc1ccc2c3c1O[C@H]1[C@@H](O)C=C[C@H]4[C@@H](C2)[NH+](C)CC[C@]314,0.9871281760624478,1.0
RZPAKFUAFGMUPI-BECUINDXSA-O,CO[C@@H]1C[C@H](O[C@H]2[C@H](C)C(=O)O[C@H](C)[C@H](C)[C@@H](O)[C@@H](C)C(=O)[C@]3(CO3)C[C@@H](C)[C@@H](O[C@H]3O[C@H](C)C[C@@H]([NH+](C)C)[C@@H]3O)[C@H]2C)O[C@H](C)[C@H]1O,0.9180928671276088,1.0
PWNMXPDKBYZCOO-LLVKDONJSA-N,Cc1oc(=O)oc1CN1CCN(c2cc3c(cc2F)c(=O)c(C(=O)O)c2n3[C@@H](C)S2)CC1,0.5718037873069369,0.0
GVGYEFKIHJTNQZ-REWJHTLYSA-N,C[NH+]1[C@H]2CC[C@@H]1[C@@H](C(=O)[O-])[C@H](OC(=O)c1ccccc1)C2,0.764484979030717,1.0
GVGLGOZIDCSQPN-PVHGPHFFSA-N,CC(=O)Oc1ccc2c3c1O[C@H]1[C@@H](OC(C)=O)C=C[C@H]4[C@@H](C2)N(C)CC[C@]314,0.8177899293407909,1.0
DRGRCRRKRGIMMI-GDLZYMKVSA-O,CC(C)(O)c1ccc([C@H](O)CCC[NH+]2CCC(C(O)(c3ccccc3)c3ccccc3)CC2)cc1,0.7733076531769494,1.0
VDRXSIDOMRGQAT-MNOVXSKESA-N,CC1CCN(c2c(F)c(N)c3c4c2OC[C@@H](C)[C@@H]4C=C(C(=O)O)C3=O)CC1,0.7605136158697176,1.0
OGNUSOJAYIHLNS-JEWFOAHOSA-N,C=C1C[C@]23C[C@H]4[C@H]5[C@]67C[C@@H](OC(C)=O)C[C@@]5(C)CN4[C@@H]6[C@@]2(O)[C@@H](OC(C)=O)[C@H]1[C@@H](O)[C@@H]73,0.7835656495664536,1.0
ITTTYZPWPAQRLN-UHFFFAOYSA-O,O=C1NCCN1CC[NH+]1CCC(c2cn(-c3ccc(CCO)cc3)c3ccc(Cl)cc23)CC1,0.9391582440593814,1.0
SUXQDLLXIBLQHW-MRVPVSSYSA-N,C[C@H]1Sc2c(C(=O)O)c(=O)c3cc(F)c(N4CCNCC4)cc3n21,0.7497032053646724,1.0
HYIMSNHJOBLJNT-UHFFFAOYSA-N,COC(=O)C1=C(C)NC(C)=C(C(=O)OC)C1c1ccccc1[N+](=O)[O-],0.8170422661733635,1.0
GSDSWSVVBLHKDQ-JTQLQIEISA-N,C[C@H]1COc2c(N3CC[NH+](C)CC3)c(F)cc3c(=O)c(C(=O)[O-])cn1c23,0.9203764783752554,1.0
XJDGQHCPKBYDFF-LLVKDONJSA-O,O=C([O-])C1=C[N+](C2CC2)=C2C=C(N3CC[NH2+]CC3)C(F)=C[C@H]2C1=O,0.8014148620748557,1.0
METKIMKYRPQLGS-GFCCVEGCSA-O,CC(C)[NH2+]C[C@@H](O)COc1ccc(CC(N)=O)cc1,0.9837170227457972,1.0
BQJCRHHNABKAKU-ORWBNGGBSA-O,C[NH+]1CC[C@]23c4c5ccc(O)c4O[C@@H]2[C@@H](O)C=C[C@H]3[C@H]1C5,0.961836489098141,1.0
GSDSWSVVBLHKDQ-SNVBAGLBSA-N,C[C@@H]1COc2c(N3CC[NH+](C)CC3)c(F)cc3c(=O)c(C(=O)[O-])cn1c23,0.9203764783752554,1.0
MNJOPFKFRONBCT-UHFFFAOYSA-N,CCC(CC)c1cn(-c2ccc(F)cc2)c2ccc(Cl)cc12,0.7216206148013704,1.0
JVLBPIPGETUEET-UGTAXJHQSA-O,C[N@@+]1(CC2CC2)CC[C@]23c4c5ccc(O)c4O[C@H]2C(=O)CC[C@@]3(O)[C@H]1C5,0.9726996450162756,1.0
IZCPYZKASNDPHY-UHFFFAOYSA-N,CCC(=O)c1cn(-c2ccc(F)cc2)c2ccc(Cl)cc12,0.6872861861116566,1.0
PZFVISYBXMCPDS-KRWDZBQOSA-N,CC[C@H](O)c1cn(-c2ccc(F)cc2)c2ccc(Cl)cc12,0.7634351242692445,1.0
ZEKZLJVOYLTDKK-SECBINFHSA-N,CCn1cc(C(=O)[O-])c(=O)c2cc(F)c(N3CC[NH2+][C@H](C)C3)c(F)c21,0.9038329869037405,1.0
FFGPTBGBLSHEPO-UHFFFAOYSA-N,NC(=O)N1c2ccccc2C=Cc2ccccc21,0.8347726972599048,1.0
DDBREPKUVSBGFI-UHFFFAOYSA-N,CCC1(c2ccccc2)C(=O)NC(=O)NC1=O,0.6731896580943294,1.0
APVXBLPJSJGGAJ-UHFFFAOYSA-N,CCc1cn(-c2ccc(F)cc2)c2ccc(Cl)cc12,0.6838864756605579,1.0
NUKYPUAOHBNCPY-UHFFFAOYSA-N,Nc1ccncc1,0.15214747772432885,0.0
CJSJNSBZZGUXSR-JTQLQIEISA-N,C[C@H](O)c1cn(-c2ccc(F)cc2)c2ccc(Cl)cc12,0.6954217136795466,1.0
QIQNNBXHAYSQRY-RYPBNFRJSA-O,COC(=O)[C@H]1[C@@H](O)C[C@H]2CC[C@@H]1[NH+]2C,0.6933951696557256,1.0
AQIXAKUUQRKLND-UHFFFAOYSA-O,CN/C(NCCSCc1[nH]cnc1C)=[NH+]\C#N,0.8892282928809918,1.0
JLKIGFTWXXRPMT-UHFFFAOYSA-N,Cc1cc(NS(=O)(=O)c2ccc(N)cc2)no1,0.79815175214489,1.0
GMMHLRXVGDOCDA-UHFFFAOYSA-N,CCCc1cn(-c2ccc(F)cc2)c2ccc(Cl)cc12,0.7244728860527665,1.0
XXVFVJMQSVMFRI-UHFFFAOYSA-N,O=C(O)c1ccc(-n2cc(C3CCN(CCN4CCNC4=O)CC3)c3cc(Cl)ccc32)cc1,0.7920561520476807,1.0
XDRYMKDFEDOLFX-UHFFFAOYSA-N,N=C(N)c1ccc(OCCCCCOc2ccc(C(=N)N)cc2)cc1,0.949089946295367,1.0
FJLGEFLZQAZZCD-DBBWNDPISA-M,CC(C)n1c(/C=C\[C@@H](O)C[C@@H](O)CC(=O)[O-])c(-c2ccc(F)cc2)c2ccccc21,0.7473987686788075,1.0
AHOUBRCZNHFOSL-PBHICJAKSA-O,Fc1ccc([C@@H]2CC[NH2+]C[C@@H]2COc2ccc3c(c2)OCO3)cc1,0.9102733828033278,1.0
ZEJGORPKXHJSER-SQFISAMPSA-N,Cc1nnc(C(=O)NC(C)(C)C2=N/C(=C(\O)NCc3ccc(F)cc3)C(=O)C(=O)N2C)o1,0.09900685353874994,0.0
HCFDWZZGGLSKEP-QGZVFWFLSA-O,C[NH+](C)CCO[C@](C)(c1ccccc1)c1ccccn1,0.9842218907895333,1.0
RYMZZMVNJRMUDD-HGQWONQESA-N,CCC(C)(C)C(=O)O[C@H]1C[C@@H](C)C=C2C=C[C@H](C)[C@H](CC[C@@H]3C[C@@H](O)CC(=O)O3)[C@H]21,0.7387321309424872,1.0
AHLBNYSZXLDEJQ-FWEHEUNISA-N,CCCCCCCCCCC[C@@H](C[C@@H]1OC(=O)[C@H]1CCCCCC)OC(=O)[C@H](CC(C)C)NC=O,0.10042214227973839,0.0
BRUQQQPBMZOVGD-XFKAJCMBSA-O,COc1ccc2c3c1O[C@H]1C(=O)CC[C@@]4(O)[C@@H](C2)[NH+](C)CC[C@]314,0.9592994345944927,1.0
PFBBFBWIKFELAX-QFIPXVFZSA-L,CCCCC(=O)N(Cc1ccc(-c2ccccc2-c2nn[n-]n2)cc1)[C@H](C(=O)[O-])C(C)C,0.923457450032807,1.0
RLAWWYSOJDYHDC-KSZLIROESA-N,[NH3+]CCCC[C@H]([NH2+][C@H](CCc1ccccc1)C(=O)[O-])C(=O)N1CCC[C@H]1C(=O)[O-],0.9093481687419508,1.0
OJLOPKGSLYJEMD-YCVNZHGXSA-N,CCCC[C@](C)(O)C/C=C/[C@H]1[C@H](O)CC(=O)[C@@H]1CCCCCCC(=O)OC,0.9084119984291307,1.0
YSXKPIUOCJLQIE-KOUHRCEDSA-O,O[C@](CC[NH+]1CCCCC1)(c1ccccc1)[C@@H]1C[C@@H]2C=C[C@H]1C2,0.924691535361693,1.0
UPNUIXSCZBYVBB-JVFUWBCBSA-N,C[C@H]1CN(C[C@H](Cc2ccccc2)C(=O)NCC(=O)O)CC[C@@]1(C)c1cccc(O)c1,0.9577346820572155,1.0
LPWQAGXCBJGRGM-QGZVFWFLSA-N,CC(C)Nc1cccnc1N1CCN(C(=O)C2=CC3=C[C@H](NS(C)(=O)=O)C=CC3=N2)CC1,0.6997342252475424,1.0
XPQXLWGHBAMIDQ-UHFFFAOYSA-M,Cc1cnc(C(=O)NCCc2ccc(S(=O)([O-])=NC(=O)NC3CCCCC3)cc2)cn1,0.7125094478791155,1.0
HYAFETHFCAUJAY-QGZVFWFLSA-N,CCc1ccc(CCOc2ccc(C[C@H]3SC(=O)NC3=O)cc2)nc1,0.8605339420143692,1.0
AEOCXXJPGCBFJA-UHFFFAOYSA-N,CCc1cc(C(N)=S)ccn1,0.17877437519445416,0.0
YLJREFDVOIBQDA-UHFFFAOYSA-N,Nc1c2c(nc3ccccc13)CCCC2,0.7479186877194557,1.0
HPJKCIUCZWXJDR-UHFFFAOYSA-N,N#Cc1ccc(C(c2ccc(C#N)cc2)n2cncn2)cc1,0.8533601096683999,1.0
YBBLVLTVTVSKRW-UHFFFAOYSA-N,CC(C)(C#N)c1cc(Cn2cncn2)cc(C(C)(C)C#N)c1,0.8721894520309975,1.0
OFPXSFXSNFPTHF-UHFFFAOYSA-M,O=C([O-])CCc1nc(-c2ccccc2)c(-c2ccccc2)o1,0.8300213517811141,1.0
OZOMQRBLCMDCEG-VIZOYTHASA-N,O=C1CN(/N=C/c2ccc(-c3ccc([N+](=O)[O-])cc3)o2)C(=O)N1,0.6376711815856969,0.0
POZRVZJJTULAOH-LHZXLZLDSA-N,C#C[C@]1(O)CC[C@H]2[C@@H]3CCC4=Cc5oncc5C[C@]4(C)[C@H]3CC[C@@]21C,0.9106118066059256,1.0
ZRVUJXDFFKFLMG-UHFFFAOYSA-N,Cc1cnc(NC(=O)C2=C(O)c3ccccc3S(=O)(=O)N2C)s1,0.9083280443523718,1.0
BZKPWHYZMXOIDC-UHFFFAOYSA-N,CC(=O)Nc1nnc(S(N)(=O)=O)s1,0.10139524000824564,0.0
FASDKYOPVNHBLU-ZETCQYMHSA-O,CCC[NH2+][C@H]1CCc2nc(N)sc2C1,0.9031871164209533,1.0
GZUITABIAKMVPG-UHFFFAOYSA-O,O=C(c1ccc(OCC[NH+]2CCCCC2)cc1)c1c(-c2ccc(O)cc2)sc2cc(O)ccc12,0.7717799233472937,1.0
LHYIWYMOHCIQRH-UHFFFAOYSA-N,N/C(CC/C(N)=N/O)=N\O,0.19564550143735476,0.0
FKMPMGPMZGQACL-UHFFFAOYSA-N,Nc1nc(N)nc(CCCc2nc(N)nc(N)n2)n1,0.6556633199555405,1.0
VVYBFJSLGGZKFD-UHFFFAOYSA-N,Nc1nc(N)nc(CCCCc2nc(N)nc(N)n2)n1,0.6116048042442416,0.0
OLUWXTFAPJJWPL-RXMQYKEDSA-N,N[C@H](CCCCO)C(=O)O,0.15958599310843116,0.0
BDXBEDXBWNPQNP-UHFFFAOYSA-N,O=C(O)CN(CCN(CC(=O)O)CC(=O)O)CC(=O)O.[Cu+2],0.9326786827050928,1.0
RLNASBHWIXYGAC-UHFFFAOYSA-N,O=C(O)CN(CCN(CC(=O)O)CC(=O)O)CC(=O)O.[Mn+2],0.9326786827050928,1.0
NJGRNRAXMBFJJY-UHFFFAOYSA-N,NCCNC(=S)S,0.409954078640028,0.0
GAUBNQMYYJLWNF-UHFFFAOYSA-N,O=C(O)CCNCC(=O)O,0.2625208524989344,0.0
XNFWIOGJYCWFBP-RXMQYKEDSA-N,NCCNC[C@@H](O)CO,0.45286596474120944,0.0
MDLBOPYCJZSTMS-UHFFFAOYSA-N,Nc1nnnn1CCO,0.1968356821277857,0.0
TYHCDJLUIHDEDF-UHFFFAOYSA-N,NCCSCCC(=O)O,0.31197568688886085,0.0
WCKKVBDZUVPNNY-UHFFFAOYSA-N,NCCSS(=O)(=O)CCN,0.5015771680123764,0.0
CESLCVBCUQESJL-UHFFFAOYSA-N,N=c1nc(N)c(NCO)c(N)n1O,0.2376764481370978,0.0
SYRAPAFTQQTCIU-UHFFFAOYSA-N,O=C(O)CCC(O)=C1S(=O)(=O)OCCOS1(=O)=O.[H-].[Na+],0.6349250457467469,0.0
GBSZDVFMPIWRPZ-FJSYBICCSA-N,CC[C@@](O)(C(=O)O)c1cc2n(c(=O)c1CO)Cc1cc3ccccc3nc1-2.[H-].[Na+],0.4975758273302753,0.0
UJYCTVUDPGXFLI-UHFFFAOYSA-N,C#CCOCCCC(=O)O,0.3532085973784031,0.0
LCQJKDPYEQJPIH-UHFFFAOYSA-N,C#CCSc1n[nH]c(-c2ccco2)n1,0.5725093943969936,0.0
WOEYOUBBHRYDLG-UHFFFAOYSA-N,[N-]=[N+]=NCC(N)=O,0.2502781930354767,0.0
SMOIGBFAZZYOSZ-VKHMYHEASA-N,O=C(O)CNC(=O)[C@@H]1NC(C(F)(F)F)(C(F)(F)F)OC1(C(F)(F)F)C(F)(F)F,0.5941339105510269,0.0
ZAGRWEOGHJROGH-UHFFFAOYSA-N,Nc1[nH]c(SCC(=O)O)nc(=O)c1N,0.5181394067110843,0.0
DIALFHUPRSIJKT-UHFFFAOYSA-N,O=C(O)CSc1n[nH]c(=O)[nH]c1=O,0.4963566577780417,0.0
DSLBDPPHINVUID-UWTATZPHSA-N,NC(=O)C[C@@H](N)C(N)=O,0.10284984763261958,0.0
PGNYNCTUBKSHHL-JCYAYHJZSA-N,N[C@@H](C(=O)O)[C@@H](N)C(=O)O,0.1672870690303645,0.0
XNBJHKABANTVCP-UWTATZPHSA-N,NC(N)=NC[C@@H](N)C(=O)O,0.15429585797918183,0.0
VIFOGXGRPDRQHS-UWTATZPHSA-N,N[C@H](CNO)C(=O)O,0.11206442760928653,0.0
XSQKKPFNIVGDHL-JAFRLTCSSA-N,NC(=O)CS(=O)C[C@H](N)C(=O)O,0.4730440014044326,0.0
RCWCQXFCPUFXTO-UWTATZPHSA-N,NC(=O)C[C@@H](N)c1nn[nH]n1,0.21699115657250762,0.0
AWFDOAUBMAHQFU-GSVOUGTGSA-N,NC[C@@H](O)CSP(=O)(O)O,0.391435838973511,0.0
RGHGLIUDJMATHB-UHFFFAOYSA-N,O=c1[nH]c(SCc2c(Cl)c(Cl)c(Cl)c(Cl)c2Cl)nc(=S)[nH]1,0.7428477496707218,1.0
OGRURUKWBQLASB-UHFFFAOYSA-N,Nc1nc(N)nc(CC(=O)O)n1,0.24365738165652717,0.0
UHDMAEPGMOIEHH-UWTATZPHSA-N,N[C@H](Cc1nn[nH]n1)C(=O)O,0.26342652225489843,0.0
OSNXEHYTTNFVIU-UWTATZPHSA-N,NC(=O)NOC[C@H]1NC(=O)NC1=O,0.3735340685282922,0.0
YVEOHMIGBFUANZ-ZLZZAMJUSA-N,O.O=C(O)[C@H](O)[C@@H](O)[C@H]1O[SbH]O[C@@H]1CO,0.7134625510091998,1.0
NIYGLRKUBPNXQS-UHFFFAOYSA-O,CS(=O)(=O)Nc1ccc2c(c1)C(O)CC1(CC[NH+](C3CCc4cc(C#N)ccc4C3)CC1)O2,0.7578213833113885,1.0
YPELFRMCRYSPKZ-UHFFFAOYSA-O,CCOc1cc(N)c(Cl)cc1C(=O)NCC1C[NH+](Cc2ccc(F)cc2)CCO1,0.6131458114640513,0.0
PHVGLTMQBUFIQQ-UHFFFAOYSA-O,C[NH2+]CCC=C1c2ccccc2CCc2ccccc21,0.9793301390455958,1.0
FELGMEQIXOGIFQ-UHFFFAOYSA-N,Cc1nccn1CC1CCc2c(c3ccccc3n2C)C1=O,0.9451733364898034,1.0
BYKYPZBCMBEEGU-UHFFFAOYSA-O,COc1ccc(C[NH2+]CC(O)COc2ccc3[nH]c(=O)ccc3c2)cc1OC,0.5874813508027779,0.0
XIQVNETUBQGFHX-UHFFFAOYSA-O,CC[NH+](CC)CC#CCOC(=O)C(O)(c1ccccc1)C1CCCCC1,0.9843936576280745,1.0
NKPQTGNIPWSNNX-RILYDNKNSA-O,CCC[NH+]1C[C@H](CSC)C[C@@H]2c3cccc4c3C(C=N4)C[C@H]21,0.9838826228496421,1.0
CYXKNKQEMFBLER-SFHVURJKSA-O,C1CCC(C(C[C@@H]2CCCC[NH2+]2)C2CCCCC2)CC1,0.7499902150075206,1.0
IFFPICMESYHZPQ-UHFFFAOYSA-O,CC(Cc1ccccc1)[NH2+]CCC(c1ccccc1)c1ccccc1,0.8720128747078482,1.0
REQCZEXYDRLIBE-UHFFFAOYSA-O,CC[NH+](CC)CCNC(=O)c1ccc(N)cc1,0.9897254908590688,1.0
PWWVAXIEGOYWEE-UHFFFAOYSA-O,CC(CN1c2ccccc2Sc2ccccc21)[NH+](C)C,0.9839622061548745,1.0
JWHAUXFOSRPERK-UHFFFAOYSA-O,CCC[NH2+]CC(O)COc1ccccc1C(=O)CCc1ccccc1,0.9808128673758963,1.0
KFVINGKPXQSPNP-UHFFFAOYSA-O,CCC(=O)NC(=O)c1ccc(N)cc1CC[NH+](CC)CC,0.9101287446259012,1.0
AQHHHDLHHXJYJD-UHFFFAOYSA-O,CC(C)[NH2+]CC(O)COc1cccc2ccccc12,0.9845284294908443,1.0
VBTZQSGZDUYCTG-UHFFFAOYSA-O,CC1=NC2=[N+](CCCC2)C(=O)C1CC[NH+]1CCC(c2noc3cc(F)ccc23)CC1,0.9303524352652128,1.0
RXZBMPWDPOLZGW-HEWSMUCTSA-O,CC[C@H]1OC(=O)[C@H](C)[C@@H](O[C@H]2C[C@@](C)(OC)[C@@H](O)[C@H](C)O2)[C@H](C)[C@@H](O[C@@H]2O[C@H](C)C[C@H]([NH+](C)C)[C@H]2O)[C@](C)(O)C[C@@H](C)/C(=N/OCOCCOC)[C@H](C)[C@@H](O)[C@]1(C)O,0.8140656523114213,1.0
GGCSSNBKKAUURC-UHFFFAOYSA-O,CCC(=O)N(c1ccccc1)C1(COC)CC[NH+](CCc2cccs2)CC1,0.9876122873680666,1.0
UISARWKNNNHPGI-UHFFFAOYSA-O,CC(CC(c1ccccc1)c1ccccc1)[NH2+]C(C)(C)C,0.908472870969113,1.0
IUJDSEJGGMCXSG-UHFFFAOYSA-N,CCCC(C)C1(CC)C(=O)NC(=S)NC1=O,0.6871793737198055,1.0
KLBQZWRITKRQQV-MRXNPFEDSA-O,CSc1ccc2c(c1)N(CC[C@H]1CCCC[NH+]1C)c1ccccc1S2,0.9373078916353657,1.0
FNYLWPVRPXGIIP-UHFFFAOYSA-N,Nc1nc(N)c2nc(-c3ccccc3)c(N)nc2n1,0.15813117082554892,0.0
ZSCDBOWYZJWBIY-UHFFFAOYSA-O,CC(CN1c2ccccc2CCc2ccccc21)C[NH+](C)C,0.9776576454740342,1.0
PNVNVHUZROJLTJ-UHFFFAOYSA-O,COc1ccc(C(C[NH+](C)C)C2(O)CCCCC2)cc1,0.9947978858760248,1.0
SGTNSNPWRIOYBX-MHZLTWQESA-O,COc1ccc(CC[NH+](C)CCC[C@@](C#N)(c2ccc(OC)c(OC)c2)C(C)C)cc1OC,0.9487182719887017,1.0
DDNCQMVWWZOMLN-IRLDBZIGSA-O,CCOC(=O)C1=C[C@]2(CC)CCC[NH+]3CCc4c(n1c1ccccc41)[C@@H]32,0.9610642668358085,1.0
ZMHOBBKJBYLXFR-UHFFFAOYSA-O,CCCS(=O)CCC[NH+](CC)CC(O)COc1ccc(C#N)cc1,0.9354718635058608,1.0
CTKNMSVWMRRCPW-UHFFFAOYSA-N,Clc1ccc(C(c2ccc(Cl)cc2)n2cc[n+](CC(OCc3ccc(Cl)cc3Cl)c3ccc(Cl)cc3Cl)c2)cc1,0.5880025314411058,0.0
RMRJXGBAOAMLHD-UHFFFAOYSA-O,COC12CCC3(CC1C(C)(O)C(C)(C)C)C1Cc4ccc(O)c5c4C3(CC[NH+]1CC1CC1)C2O5,0.8881493209966996,1.0
IPOBOOXFSRWSHL-UHFFFAOYSA-O,c1ccc(C2(c3ccccc3)CC2C2=[NH+]CCN2)cc1,0.8873587018337706,1.0
SLFGIOIONGJGRT-UHFFFAOYSA-O,CC(CN1c2ccccc2Sc2ccc(C#N)cc21)C[NH+](C)C,0.9697186025454759,1.0
ZPRQZUALRQVYOJ-UHFFFAOYSA-N,CCCCCCCCC(=O)NCc1ccc(CC(O)CO)c(OC)c1,0.889858584583061,1.0
KJHKTHWMRKYKJE-UHFFFAOYSA-N,Cc1cccc(C)c1OCC(=O)NC(Cc1ccccc1)C(O)CC(Cc1ccccc1)NC(=O)C(C(C)C)N1CCCNC1=O,0.6598966629961849,1.0
PCZOHLXUXFIOCF-UHFFFAOYSA-N,CCC(C)C(=O)OC1CC(C)C=C2C=CC(C)C(CCC3CC(O)CC(=O)O3)C21,0.3014262759453398,0.0
IKACRWYHQXOSGM-UHFFFAOYSA-O,CCC(=O)OC(Cc1ccccc1)(c1ccccc1)C(C)C[NH2+]C,0.9666760165673608,1.0
UPKQNCPKPOLASS-UHFFFAOYSA-O,COc1ccc(CC[NH2+]CCCC(C#N)(c2ccc(OC)c(OC)c2)C(C)C)cc1OC,0.9057195694516332,1.0
XKLMZUWKNUAPSZ-UHFFFAOYSA-P,COc1ccccc1OCC(O)C[NH+]1CC[NH+](CC(=O)Nc2c(C)cccc2C)CC1,0.9506224671443957,1.0
MBWXNTAXLNYFJB-LKUDQCMESA-N,CC1=C(C/C=C(\C)CCCC(C)CCCC(C)CCCC(C)C)C(=O)c2ccccc2C1=O,0.8484728742510537,1.0
DYLGFOYVTXJFJP-MFKUBSTISA-O,CCCC[NH+](CCCC)CC(O)c1cc(Cl)cc2c1-c1ccc(Cl)cc1/C2=C\c1ccc(Cl)cc1,0.7841309075621942,1.0
GVERGJNQZKUDON-UHFFFAOYSA-O,Fc1ccc2c(C3C[NH2+]CCC3F)c(-c3ccsc3)[nH]c2c1,0.8008531064453741,1.0
DQMZLTXERSFNPB-UHFFFAOYSA-N,CCC1(c2ccccc2)C(=O)NCNC1=O,0.14062988042253577,0.0
CPTBDICYNRMXFX-UHFFFAOYSA-N,CNNCc1ccc(C(=O)NC(C)C)cc1,0.9823748029441769,1.0
SSOLNOMRVKKSON-UHFFFAOYSA-P,CC(C)NC(=[NH2+])NC(=[NH2+])Nc1ccc(Cl)cc1,0.7701701193746422,1.0
KEEFJRKWMCQJLN-OIBJUYFYSA-O,C[NH2+][C@@H](C)[C@@H](O)c1cccc(O)c1,0.9158605201917375,1.0
LXNHXLLTXMVWPM-UHFFFAOYSA-N,Cc1ncc(CO)c(CO)c1O,0.07442940924947107,0.0
WKSAUQYGYAYLPV-UHFFFAOYSA-N,CCc1nc(N)nc(N)c1-c1ccc(Cl)cc1,0.8060810262176885,1.0
IWUCXVSUMQZMFG-RGDLXGNYSA-N,NC(=O)c1ncn([C@H]2O[C@@H](CO)[C@H](O)[C@@H]2O)n1,0.7687910863513437,1.0
FTALBRSUTCGOEG-UHFFFAOYSA-N,Nc1nc2ccc(OC(F)(F)F)cc2s1,0.8761898925323276,1.0
UBCHPRBFMUDMNC-UHFFFAOYSA-O,CC([NH3+])C12CC3CC(CC(C3)C1)C2,0.9160021038764506,1.0
XSVMFMHYUFZWBK-NSHDSACASA-O,CCN(C)C(=O)Oc1cccc([C@H](C)[NH+](C)C)c1,0.9698545115294843,1.0
SBWULMJDONUIBW-UHFFFAOYSA-O,C[NH+](C)CCC1C=Nc2ccc(Cn3cncn3)cc21,0.967028420875283,1.0
RZJQGNCSTQAWON-UHFFFAOYSA-N,CS(=O)(=O)c1ccc(C2=C(c3ccccc3)C(=O)OC2)cc1,0.8464724675310493,1.0
UHSKFQJFRQCDBE-UHFFFAOYSA-O,CCC[NH+](CCC)CCc1cccc2c1CC(=O)N2,0.9836151753157316,1.0
YASAKCUCGLMORW-UHFFFAOYSA-N,CN(CCOc1ccc(CC2SC(=O)NC2=O)cc1)c1ccccn1,0.8020647062265823,1.0
MEZLKOACVSPNER-GFCCVEGCSA-O,C#CC[NH+](C)[C@H](C)Cc1ccccc1,0.9586269124924764,1.0
UNAANXDKBXWMLN-UHFFFAOYSA-O,CC(C)CC([NH+](C)C)C1(c2ccc(Cl)cc2)CCC1,0.9405291165254784,1.0
ZBMZVLHSJCTVON-UHFFFAOYSA-O,CC(C)[NH2+]CC(O)c1ccc(NS(C)(=O)=O)cc1,0.9357899899908252,1.0
XNKLLVCARDGLGL-UHFFFAOYSA-N,Cc1cn(C2C=CC(CO)O2)c(=O)[nH]c1=O,0.1700343447197904,0.0
MLKXDPUZXIRXEP-MFOYZWKCSA-M,CC1=C(CC(=O)[O-])c2cc(F)ccc2/C1=C\c1ccc(S(C)=O)cc1,0.8768057883455712,1.0
WQRQXRREEIYVAG-UHFFFAOYSA-O,CNS(=O)(=O)Cc1ccc2c(c1)C(CC[NH+](C)C)C=N2,0.9700826263984692,1.0
SRHXYFGJFNASFX-UHFFFAOYSA-O,C[N+]1=NN=C2C(C(N)=O)=NC=[N+]2C1=O,0.32234878138157064,0.0
XWTYSIMOBUGWOL-UHFFFAOYSA-O,CC(C)(C)[NH2+]CC(O)c1cc(O)cc(O)c1,0.9353864799784887,1.0
BPEWUONYVDABNZ-UHFFFAOYSA-N,CC12CCC3C(CCC4=CC(=O)C=CC43C)C1CCC(=O)O2,0.7026980875096814,1.0
UEJJHQNACJXSKW-UHFFFAOYSA-N,O=C1CCC(N2C(=O)c3ccccc3C2=O)C(=O)N1,0.8863338067065996,1.0
ZFXYFBGIUFBOJW-UHFFFAOYSA-N,Cn1c(=O)c2nc[nH]c2n(C)c1=O,0.6402835494335435,0.0
WYWHKKSPHMUBEB-UHFFFAOYSA-N,Nc1nc(=S)c2[nH]cnc2[nH]1,0.07914137936210074,0.0
DKJJVAGXPKPDRL-UHFFFAOYSA-J,O=P([O-])([O-])C(Sc1ccc(Cl)cc1)P(=O)([O-])[O-],0.7446146532950054,1.0
XFYDIVBRZNQMJC-UHFFFAOYSA-O,Clc1ccc2nsnc2c1NC1=[NH+]CCN1,0.8934720845863537,1.0
MIQPIUSUKVNLNT-UHFFFAOYSA-M,Cc1ccc(C(=O)c2cc(O)c([O-])c([N+](=O)[O-])c2)cc1,0.8288445261450091,1.0
